Path;SteerAngle;Throttle;Brake;Speed;X_Position;Y_Position;Pitch;Yaw;Roll
/Users/besh/miniconda3/RoboND-Python-StarterKit/RoboND-Rover-Project/records/IMG/robocam_2017_06_28_13_47_23_069.jpg;0;0;1;0;100.2715;85.79185;0.0003626248;18.57738;-1.270668E-06
/Users/besh/miniconda3/RoboND-Python-StarterKit/RoboND-Rover-Project/records/IMG/robocam_2017_06_28_13_47_23_196.jpg;0;0;0;0;100.2715;85.79185;0.000405107;18.57738;-2.407374E-06
/Users/besh/miniconda3/RoboND-Python-StarterKit/RoboND-Rover-Project/records/IMG/robocam_2017_06_28_13_47_23_260.jpg;13.03014;0;0;0;100.2715;85.79185;0.0004008136;21.04092;-1.940158E-05
/Users/besh/miniconda3/RoboND-Python-StarterKit/RoboND-Rover-Project/records/IMG/robocam_2017_06_28_13_47_23_326.jpg;9.011818;0;0;0;100.2715;85.79185;0.0003939404;22.8988;-3.021157E-05
/Users/besh/miniconda3/RoboND-Python-StarterKit/RoboND-Rover-Project/records/IMG/robocam_2017_06_28_13_47_23_393.jpg;4.99776;0;0;0;100.2715;85.79185;0.0003805978;24.33951;-3.35989E-05
/Users/besh/miniconda3/RoboND-Python-StarterKit/RoboND-Rover-Project/records/IMG/robocam_2017_06_28_13_47_23_460.jpg;1.03152;0;0;0;100.2715;85.79185;0.0003693726;24.64315;-3.160655E-05
/Users/besh/miniconda3/RoboND-Python-StarterKit/RoboND-Rover-Project/records/IMG/robocam_2017_06_28_13_47_23_526.jpg;0;0;0;0;100.2715;85.79185;0.0003548548;24.64315;-2.557742E-05
/Users/besh/miniconda3/RoboND-Python-StarterKit/RoboND-Rover-Project/records/IMG/robocam_2017_06_28_13_47_23_593.jpg;-2.010362;0;0;0;100.2715;85.79185;0.0003337001;24.40198;-1.564414E-05
/Users/besh/miniconda3/RoboND-Python-StarterKit/RoboND-Rover-Project/records/IMG/robocam_2017_06_28_13_47_23_659.jpg;-6.0015;0;0;0;100.2715;85.79185;0.0003176685;23.4425;-4.557103E-06
/Users/besh/miniconda3/RoboND-Python-StarterKit/RoboND-Rover-Project/records/IMG/robocam_2017_06_28_13_47_23_726.jpg;-5.965501;0.200424;0;0;100.2724;85.79219;0.02030556;23.45385;-0.0004568673
/Users/besh/miniconda3/RoboND-Python-StarterKit/RoboND-Rover-Project/records/IMG/robocam_2017_06_28_13_47_23_793.jpg;-1.9458;0.401409;0;0.02087356;100.2754;85.79344;0.08996081;23.41763;-0.001817826
/Users/besh/miniconda3/RoboND-Python-StarterKit/RoboND-Rover-Project/records/IMG/robocam_2017_06_28_13_47_23_859.jpg;0;0.600567;0;0.04909841;100.2793;85.79513;0.173071;23.57991;-0.00198708
/Users/besh/miniconda3/RoboND-Python-StarterKit/RoboND-Rover-Project/records/IMG/robocam_2017_06_28_13_47_23_926.jpg;0;0.8002651;0;0.09658653;100.2862;85.79814;0.3191143;23.49569;-0.001429252
/Users/besh/miniconda3/RoboND-Python-StarterKit/RoboND-Rover-Project/records/IMG/robocam_2017_06_28_13_47_23_993.jpg;0;0.9978871;0;0.1171894;100.2992;85.80381;0.5592942;23.49327;0.0002321041
/Users/besh/miniconda3/RoboND-Python-StarterKit/RoboND-Rover-Project/records/IMG/robocam_2017_06_28_13_47_24_060.jpg;0.0002360344;1;0;0.187246;100.3135;85.81011;0.7969916;23.4219;-0.0005915622
/Users/besh/miniconda3/RoboND-Python-StarterKit/RoboND-Rover-Project/records/IMG/robocam_2017_06_28_13_47_24_126.jpg;0;1;0;0.2417544;100.3306;85.8175;1.045434;23.3542;0.0007004778
/Users/besh/miniconda3/RoboND-Python-StarterKit/RoboND-Rover-Project/records/IMG/robocam_2017_06_28_13_47_24_193.jpg;0;1;0;0.2764198;100.3562;85.82839;1.309799;23.2128;-0.0005276099
/Users/besh/miniconda3/RoboND-Python-StarterKit/RoboND-Rover-Project/records/IMG/robocam_2017_06_28_13_47_24_260.jpg;0;1;0;0.3382977;100.375;85.83663;1.257678;23.20016;-0.003453172
/Users/besh/miniconda3/RoboND-Python-StarterKit/RoboND-Rover-Project/records/IMG/robocam_2017_06_28_13_47_24_326.jpg;0;1;0;0.4211301;100.3959;85.84557;1.133615;23.27802;-0.0008949299
/Users/besh/miniconda3/RoboND-Python-StarterKit/RoboND-Rover-Project/records/IMG/robocam_2017_06_28_13_47_24_393.jpg;0;1;0;0.4777797;100.4303;85.86023;1.092135;23.16734;0.002181094
/Users/besh/miniconda3/RoboND-Python-StarterKit/RoboND-Rover-Project/records/IMG/robocam_2017_06_28_13_47_24_460.jpg;0;1;0;0.5265971;100.4602;85.87286;1.123463;22.96259;0.00105077
/Users/besh/miniconda3/RoboND-Python-StarterKit/RoboND-Rover-Project/records/IMG/robocam_2017_06_28_13_47_24_526.jpg;0;1;0;0.5735275;100.4934;85.88682;1.192607;22.84145;0.0009895778
/Users/besh/miniconda3/RoboND-Python-StarterKit/RoboND-Rover-Project/records/IMG/robocam_2017_06_28_13_47_24_593.jpg;0;1;0;0.6166146;100.5406;85.90651;1.232674;22.75323;-0.002605146
/Users/besh/miniconda3/RoboND-Python-StarterKit/RoboND-Rover-Project/records/IMG/robocam_2017_06_28_13_47_24_660.jpg;0;1;0;0.6645735;100.5784;85.92224;1.2121;22.7207;-0.0009583619
/Users/besh/miniconda3/RoboND-Python-StarterKit/RoboND-Rover-Project/records/IMG/robocam_2017_06_28_13_47_24_726.jpg;0;1;0;0.7416531;100.6192;85.93916;1.190553;22.71362;-0.0007537247
/Users/besh/miniconda3/RoboND-Python-StarterKit/RoboND-Rover-Project/records/IMG/robocam_2017_06_28_13_47_24_793.jpg;0;1;0;0.7930035;100.6786;85.9638;1.207265;22.73694;-0.001268135
/Users/besh/miniconda3/RoboND-Python-StarterKit/RoboND-Rover-Project/records/IMG/robocam_2017_06_28_13_47_24_860.jpg;0;1;0;0.845383;100.7267;85.98377;1.225582;22.71884;-0.0007508522
/Users/besh/miniconda3/RoboND-Python-StarterKit/RoboND-Rover-Project/records/IMG/robocam_2017_06_28_13_47_24_926.jpg;0;1;0;0.9120086;100.7777;86.00491;1.237596;22.71033;-0.0009350468
/Users/besh/miniconda3/RoboND-Python-StarterKit/RoboND-Rover-Project/records/IMG/robocam_2017_06_28_13_47_24_993.jpg;0;1;0;0.9670365;100.8494;86.03458;1.223186;22.70181;-0.0008739297
/Users/besh/miniconda3/RoboND-Python-StarterKit/RoboND-Rover-Project/records/IMG/robocam_2017_06_28_13_47_25_059.jpg;0;1;0;1.021541;100.906;86.05804;1.213502;22.69645;-0.0004228195
/Users/besh/miniconda3/RoboND-Python-StarterKit/RoboND-Rover-Project/records/IMG/robocam_2017_06_28_13_47_25_126.jpg;0;1;0;1.074936;100.9658;86.08276;1.221707;22.68874;-0.0008276549
/Users/besh/miniconda3/RoboND-Python-StarterKit/RoboND-Rover-Project/records/IMG/robocam_2017_06_28_13_47_25_193.jpg;0;1;0;1.122796;101.0494;86.11732;1.22071;22.68594;-0.001015634
/Users/besh/miniconda3/RoboND-Python-StarterKit/RoboND-Rover-Project/records/IMG/robocam_2017_06_28_13_47_25_260.jpg;0;1;0;1.169338;101.115;86.14446;1.222972;22.63751;-0.0005363987
/Users/besh/miniconda3/RoboND-Python-StarterKit/RoboND-Rover-Project/records/IMG/robocam_2017_06_28_13_47_25_326.jpg;0;1;0;1.228873;101.1833;86.17265;1.229942;22.60532;-0.0007805288
/Users/besh/miniconda3/RoboND-Python-StarterKit/RoboND-Rover-Project/records/IMG/robocam_2017_06_28_13_47_25_393.jpg;0;1;0;1.274215;101.2784;86.21182;1.234399;22.57747;-0.0007390059
/Users/besh/miniconda3/RoboND-Python-StarterKit/RoboND-Rover-Project/records/IMG/robocam_2017_06_28_13_47_25_460.jpg;0;1;0;1.322734;101.3528;86.24245;1.239336;22.55434;-0.0008266462
/Users/besh/miniconda3/RoboND-Python-StarterKit/RoboND-Rover-Project/records/IMG/robocam_2017_06_28_13_47_25_526.jpg;0;1;0;1.387674;101.4298;86.27412;1.243239;22.5351;-0.0008683854
/Users/besh/miniconda3/RoboND-Python-StarterKit/RoboND-Rover-Project/records/IMG/robocam_2017_06_28_13_47_25_593.jpg;0;1;0;1.434736;101.5366;86.31793;1.244994;22.51635;-0.000937825
/Users/besh/miniconda3/RoboND-Python-StarterKit/RoboND-Rover-Project/records/IMG/robocam_2017_06_28_13_47_25_660.jpg;0;1;0;1.481707;101.6199;86.35207;1.252691;22.50169;-0.0009567218
/Users/besh/miniconda3/RoboND-Python-StarterKit/RoboND-Rover-Project/records/IMG/robocam_2017_06_28_13_47_25_726.jpg;1.484774;1;0;1.543899;101.7056;86.38734;1.256007;22.51754;-0.001009883
/Users/besh/miniconda3/RoboND-Python-StarterKit/RoboND-Rover-Project/records/IMG/robocam_2017_06_28_13_47_25_793.jpg;4.507739;1;0;1.588906;101.823;86.43808;1.259265;22.92162;-0.003194632
/Users/besh/miniconda3/RoboND-Python-StarterKit/RoboND-Rover-Project/records/IMG/robocam_2017_06_28_13_47_25_860.jpg;7.505325;1;0;1.63403;101.9126;86.4798;1.25183;23.56724;0.0104173
/Users/besh/miniconda3/RoboND-Python-StarterKit/RoboND-Rover-Project/records/IMG/robocam_2017_06_28_13_47_25_926.jpg;10.50368;1;0;1.693269;102.0034;86.5252;1.245691;24.50482;0.04477057
/Users/besh/miniconda3/RoboND-Python-StarterKit/RoboND-Rover-Project/records/IMG/robocam_2017_06_28_13_47_25_993.jpg;13.50684;1;0;1.735237;102.1248;86.59178;1.187093;26.25267;0.1063109
/Users/besh/miniconda3/RoboND-Python-StarterKit/RoboND-Rover-Project/records/IMG/robocam_2017_06_28_13_47_26_059.jpg;10.5075;1;0;1.794448;102.2169;86.64533;1.119974;27.59029;0.1419105
/Users/besh/miniconda3/RoboND-Python-StarterKit/RoboND-Rover-Project/records/IMG/robocam_2017_06_28_13_47_26_126.jpg;7.506854;1;0;1.840795;102.3113;86.70099;1.071165;28.65117;0.1597779
/Users/besh/miniconda3/RoboND-Python-StarterKit/RoboND-Rover-Project/records/IMG/robocam_2017_06_28_13_47_26_193.jpg;4.505939;1;0;1.887234;102.4417;86.77802;1.063192;29.59043;0.1602017
/Users/besh/miniconda3/RoboND-Python-StarterKit/RoboND-Rover-Project/records/IMG/robocam_2017_06_28_13_47_26_259.jpg;1.507589;1;0;1.946656;102.543;86.83732;1.098986;29.97812;0.1336337
/Users/besh/miniconda3/RoboND-Python-StarterKit/RoboND-Rover-Project/records/IMG/robocam_2017_06_28_13_47_26_326.jpg;0;1;0;1.990582;102.6478;86.89735;1.171696;30.05667;0.07676087
/Users/besh/miniconda3/RoboND-Python-StarterKit/RoboND-Rover-Project/records/IMG/robocam_2017_06_28_13_47_26_393.jpg;0;1;0;2.034034;102.7912;86.97954;1.283659;30.05084;-0.002857764
/Users/besh/miniconda3/RoboND-Python-StarterKit/RoboND-Rover-Project/records/IMG/robocam_2017_06_28_13_47_26_460.jpg;0;1;0;2.07818;102.9006;87.04324;1.335266;30.06086;-0.002536183
/Users/besh/miniconda3/RoboND-Python-StarterKit/RoboND-Rover-Project/records/IMG/robocam_2017_06_28_13_47_26_526.jpg;-1.466683;1;0;2.138405;103.0118;87.10735;1.336367;30.02708;-0.001532727
/Users/besh/miniconda3/RoboND-Python-StarterKit/RoboND-Rover-Project/records/IMG/robocam_2017_06_28_13_47_26_593.jpg;-4.510395;1;0;2.18397;103.1648;87.19193;1.300863;29.53614;0.001235942
/Users/besh/miniconda3/RoboND-Python-StarterKit/RoboND-Rover-Project/records/IMG/robocam_2017_06_28_13_47_26_659.jpg;-7.503659;1;0;2.227565;103.2839;87.25439;1.296442;28.77737;359.9941
/Users/besh/miniconda3/RoboND-Python-StarterKit/RoboND-Rover-Project/records/IMG/robocam_2017_06_28_13_47_26_726.jpg;-10.50498;1;0;2.281951;103.4066;87.31468;1.284298;27.66925;359.9519
/Users/besh/miniconda3/RoboND-Python-StarterKit/RoboND-Rover-Project/records/IMG/robocam_2017_06_28_13_47_26_793.jpg;-7.538847;1;0;2.323905;103.5746;87.39355;1.226709;26.13899;359.9154
/Users/besh/miniconda3/RoboND-Python-StarterKit/RoboND-Rover-Project/records/IMG/robocam_2017_06_28_13_47_26_860.jpg;-4.517953;1;0;2.368937;103.7039;87.45309;1.184152;25.32294;359.9091
/Users/besh/miniconda3/RoboND-Python-StarterKit/RoboND-Rover-Project/records/IMG/robocam_2017_06_28_13_47_26_926.jpg;-1.504438;1;0;2.427516;103.8362;87.51376;1.176583;24.84826;359.9091
/Users/besh/miniconda3/RoboND-Python-StarterKit/RoboND-Rover-Project/records/IMG/robocam_2017_06_28_13_47_26_992.jpg;0;1;0;2.469729;104.0166;87.598;1.227272;24.73085;359.9446
/Users/besh/miniconda3/RoboND-Python-StarterKit/RoboND-Rover-Project/records/IMG/robocam_2017_06_28_13_47_27_059.jpg;1.550429;1;0;2.525213;104.1548;87.66304;1.296099;24.77496;359.991
/Users/besh/miniconda3/RoboND-Python-StarterKit/RoboND-Rover-Project/records/IMG/robocam_2017_06_28_13_47_27_126.jpg;4.526866;1;0;2.566283;104.295;87.72974;1.361704;25.1012;-0.003863349
/Users/besh/miniconda3/RoboND-Python-StarterKit/RoboND-Rover-Project/records/IMG/robocam_2017_06_28_13_47_27_171.jpg;6.041249;1;0;2.580499;104.4354;87.79929;1.364184;25.8012;-0.005583181
/Users/besh/miniconda3/RoboND-Python-StarterKit/RoboND-Rover-Project/records/IMG/robocam_2017_06_28_13_47_27_226.jpg;3.05991;1;0;2.637979;104.5296;87.84664;1.341377;26.22783;359.9942
/Users/besh/miniconda3/RoboND-Python-StarterKit/RoboND-Rover-Project/records/IMG/robocam_2017_06_28_13_47_27_293.jpg;0.04297435;1;0;2.681936;104.722;87.94276;1.334287;26.58727;-0.002084306
/Users/besh/miniconda3/RoboND-Python-StarterKit/RoboND-Rover-Project/records/IMG/robocam_2017_06_28_13_47_27_360.jpg;0;1;0;2.723439;104.8695;88.01591;1.352703;26.62104;-0.001566311
/Users/besh/miniconda3/RoboND-Python-StarterKit/RoboND-Rover-Project/records/IMG/robocam_2017_06_28_13_47_27_426.jpg;0;1;0;2.779286;105.0191;88.09004;1.356836;26.61889;-0.001424387
/Users/besh/miniconda3/RoboND-Python-StarterKit/RoboND-Rover-Project/records/IMG/robocam_2017_06_28_13_47_27_493.jpg;0;1;0;2.821368;105.2219;88.19061;1.359183;26.60511;-0.001429886
/Users/besh/miniconda3/RoboND-Python-StarterKit/RoboND-Rover-Project/records/IMG/robocam_2017_06_28_13_47_27_559.jpg;3.003707;1;0;2.863204;105.3761;88.26832;1.357488;26.79932;-0.002810825
/Users/besh/miniconda3/RoboND-Python-StarterKit/RoboND-Rover-Project/records/IMG/robocam_2017_06_28_13_47_27_626.jpg;5.994182;1;0;2.917805;105.5312;88.34938;1.349296;27.33953;0.003152206
/Users/besh/miniconda3/RoboND-Python-StarterKit/RoboND-Rover-Project/records/IMG/robocam_2017_06_28_13_47_27_693.jpg;9.000767;1;0;2.957014;105.7376;88.46469;1.303065;28.71124;0.07594809
/Users/besh/miniconda3/RoboND-Python-StarterKit/RoboND-Rover-Project/records/IMG/robocam_2017_06_28_13_47_27_760.jpg;11.99948;1;0;2.995127;105.8906;88.55711;1.203754;30.22714;0.167311
/Users/besh/miniconda3/RoboND-Python-StarterKit/RoboND-Rover-Project/records/IMG/robocam_2017_06_28_13_47_27_825.jpg;14.98802;1;0;3.043483;106.0408;88.6557;1.036777;32.14536;0.3085392
/Users/besh/miniconda3/RoboND-Python-StarterKit/RoboND-Rover-Project/records/IMG/robocam_2017_06_28_13_47_27_892.jpg;15;1;0;3.079184;106.2362;88.79695;0.7211092;35.04669;0.5746171
/Users/besh/miniconda3/RoboND-Python-StarterKit/RoboND-Rover-Project/records/IMG/robocam_2017_06_28_13_47_27_960.jpg;15;1;0;3.114753;106.379;88.90999;0.4288037;37.26773;0.8189391
/Users/besh/miniconda3/RoboND-Python-StarterKit/RoboND-Rover-Project/records/IMG/robocam_2017_06_28_13_47_28_026.jpg;15;1;0;3.161232;106.5185;89.02901;0.09779686;39.48449;1.091829
/Users/besh/miniconda3/RoboND-Python-StarterKit/RoboND-Rover-Project/records/IMG/robocam_2017_06_28_13_47_28_092.jpg;15;1;0;3.194147;106.7041;89.19727;359.8556;42.19246;1.319534
/Users/besh/miniconda3/RoboND-Python-StarterKit/RoboND-Rover-Project/records/IMG/robocam_2017_06_28_13_47_28_160.jpg;15;1;0;3.212054;106.8442;89.33112;359.9382;44.10002;1.306572
/Users/besh/miniconda3/RoboND-Python-StarterKit/RoboND-Rover-Project/records/IMG/robocam_2017_06_28_13_47_28_226.jpg;15;1;0;3.255718;106.9805;89.47398;0.09555189;46.30945;1.243507
/Users/besh/miniconda3/RoboND-Python-StarterKit/RoboND-Rover-Project/records/IMG/robocam_2017_06_28_13_47_28_292.jpg;15;1;0;3.287631;107.1528;89.67126;0.07230971;49.34904;1.084085
/Users/besh/miniconda3/RoboND-Python-StarterKit/RoboND-Rover-Project/records/IMG/robocam_2017_06_28_13_47_28_360.jpg;15;1;0;3.330396;107.2734;89.82908;0.007525988;51.69062;1.11266
/Users/besh/miniconda3/RoboND-Python-StarterKit/RoboND-Rover-Project/records/IMG/robocam_2017_06_28_13_47_28_426.jpg;15;1;0;3.375395;107.3901;89.99368;0.0103305;53.91362;1.172821
/Users/besh/miniconda3/RoboND-Python-StarterKit/RoboND-Rover-Project/records/IMG/robocam_2017_06_28_13_47_28_493.jpg;13.50379;1;0;3.406909;107.54;90.22066;0.008325387;56.79021;1.140195
/Users/besh/miniconda3/RoboND-Python-StarterKit/RoboND-Rover-Project/records/IMG/robocam_2017_06_28_13_47_28_559.jpg;10.52898;1;0;3.444581;107.6472;90.39753;0.01101696;58.66134;1.10553
/Users/besh/miniconda3/RoboND-Python-StarterKit/RoboND-Rover-Project/records/IMG/robocam_2017_06_28_13_47_28_626.jpg;7.507815;1;0;3.496016;107.7507;90.57937;0.009399675;60.17925;1.097514
/Users/besh/miniconda3/RoboND-Python-StarterKit/RoboND-Rover-Project/records/IMG/robocam_2017_06_28_13_47_28_692.jpg;4.505457;1;0;3.534726;107.8863;90.82784;0.02286926;61.57019;1.059616
/Users/besh/miniconda3/RoboND-Python-StarterKit/RoboND-Rover-Project/records/IMG/robocam_2017_06_28_13_47_28_759.jpg;1.514985;1;0;3.573707;107.9877;91.01811;0.05767917;62.14984;1.00247
/Users/besh/miniconda3/RoboND-Python-StarterKit/RoboND-Rover-Project/records/IMG/robocam_2017_06_28_13_47_28_825.jpg;1.490732;0.801499;0;3.622243;108.0885;91.21168;0.1185373;62.58264;0.9489357
/Users/besh/miniconda3/RoboND-Python-StarterKit/RoboND-Rover-Project/records/IMG/robocam_2017_06_28_13_47_28_893.jpg;0;0.6006309;0;3.648068;108.2239;91.4726;0.230111;62.77581;0.8440002
/Users/besh/miniconda3/RoboND-Python-StarterKit/RoboND-Rover-Project/records/IMG/robocam_2017_06_28_13_47_28_959.jpg;0;0.4001679;0;3.665456;108.3257;91.66948;0.3178512;62.80254;0.7525847
/Users/besh/miniconda3/RoboND-Python-StarterKit/RoboND-Rover-Project/records/IMG/robocam_2017_06_28_13_47_29_026.jpg;0;0.600841;0;3.67919;108.4277;91.86694;0.4015542;62.80379;0.6520955
/Users/besh/miniconda3/RoboND-Python-StarterKit/RoboND-Rover-Project/records/IMG/robocam_2017_06_28_13_47_29_093.jpg;0;0.801418;0;3.698924;108.5647;92.13228;0.534347;62.79162;0.5043359
/Users/besh/miniconda3/RoboND-Python-StarterKit/RoboND-Rover-Project/records/IMG/robocam_2017_06_28_13_47_29_160.jpg;0;0.601489;0;3.724814;108.6684;92.33296;0.6501976;62.77723;0.3858192
/Users/besh/miniconda3/RoboND-Python-StarterKit/RoboND-Rover-Project/records/IMG/robocam_2017_06_28_13_47_29_226.jpg;0;0.4019951;0;3.746215;108.7725;92.53429;0.758197;62.76048;0.2653398
/Users/besh/miniconda3/RoboND-Python-StarterKit/RoboND-Rover-Project/records/IMG/robocam_2017_06_28_13_47_29_293.jpg;0;0.2006111;0;3.751855;108.9112;92.8024;0.8576799;62.73734;0.1095404
/Users/besh/miniconda3/RoboND-Python-StarterKit/RoboND-Rover-Project/records/IMG/robocam_2017_06_28_13_47_29_360.jpg;0;0.001681089;0;3.749233;109.0147;93.00237;0.8802782;62.72195;0.003813897
/Users/besh/miniconda3/RoboND-Python-StarterKit/RoboND-Rover-Project/records/IMG/robocam_2017_06_28_13_47_29_426.jpg;0;0;0;3.733837;109.1164;93.20127;0.8398461;62.73753;359.9742
/Users/besh/miniconda3/RoboND-Python-StarterKit/RoboND-Rover-Project/records/IMG/robocam_2017_06_28_13_47_29_493.jpg;0;0;0;3.721868;109.2507;93.46439;0.7121058;62.76001;359.9443
/Users/besh/miniconda3/RoboND-Python-StarterKit/RoboND-Rover-Project/records/IMG/robocam_2017_06_28_13_47_29_559.jpg;-3.001231;0;0;3.709872;109.3519;93.65958;0.5709493;62.57957;359.8973
/Users/besh/miniconda3/RoboND-Python-StarterKit/RoboND-Rover-Project/records/IMG/robocam_2017_06_28_13_47_29_650.jpg;-5.99751;0;0;3.693001;109.4551;93.85217;0.3949167;62.06058;359.7988
/Users/besh/miniconda3/RoboND-Python-StarterKit/RoboND-Rover-Project/records/IMG/robocam_2017_06_28_13_47_29_693.jpg;-8.978174;0;0;3.67885;109.5979;94.10343;0.1086678;60.74015;359.5472
/Users/besh/miniconda3/RoboND-Python-StarterKit/RoboND-Rover-Project/records/IMG/robocam_2017_06_28_13_47_29_760.jpg;-12.00083;0;0;3.663274;109.7101;94.28728;359.8877;59.30041;359.2721
/Users/besh/miniconda3/RoboND-Python-StarterKit/RoboND-Rover-Project/records/IMG/robocam_2017_06_28_13_47_29_826.jpg;-12.00222;0;0;3.637331;109.8278;94.46762;359.7404;57.56172;358.9377
/Users/besh/miniconda3/RoboND-Python-StarterKit/RoboND-Rover-Project/records/IMG/robocam_2017_06_28_13_47_29_893.jpg;-9.027087;0;0;3.623407;109.9889;94.70864;359.7964;55.5785;358.7201
/Users/besh/miniconda3/RoboND-Python-StarterKit/RoboND-Rover-Project/records/IMG/robocam_2017_06_28_13_47_29_960.jpg;-5.999353;0;0;3.607871;110.1128;94.88927;359.9917;54.47876;358.7911
/Users/besh/miniconda3/RoboND-Python-StarterKit/RoboND-Rover-Project/records/IMG/robocam_2017_06_28_13_47_30_026.jpg;-8.999908;0;0;3.580092;110.2396;95.06369;0.05650507;53.40126;358.8928
/Users/besh/miniconda3/RoboND-Python-StarterKit/RoboND-Rover-Project/records/IMG/robocam_2017_06_28_13_47_30_093.jpg;-11.97576;0;0;3.567277;110.4163;95.28453;359.962;51.41364;358.8958
/Users/besh/miniconda3/RoboND-Python-StarterKit/RoboND-Rover-Project/records/IMG/robocam_2017_06_28_13_47_30_160.jpg;-14.97388;0;0;3.55119;110.5551;95.44408;359.9305;49.55877;358.8247
/Users/besh/miniconda3/RoboND-Python-StarterKit/RoboND-Rover-Project/records/IMG/robocam_2017_06_28_13_47_30_226.jpg;-15;0;0;3.526942;110.6992;95.59943;-0.004220764;47.50652;358.784
/Users/besh/miniconda3/RoboND-Python-StarterKit/RoboND-Rover-Project/records/IMG/robocam_2017_06_28_13_47_30_293.jpg;-15;0;0;3.504084;110.8964;95.79731;0.005142706;44.6321;358.7964
/Users/besh/miniconda3/RoboND-Python-StarterKit/RoboND-Rover-Project/records/IMG/robocam_2017_06_28_13_47_30_359.jpg;-13.50442;0;0;3.493435;111.0493;95.93845;-0.002125736;42.53651;358.8664
/Users/besh/miniconda3/RoboND-Python-StarterKit/RoboND-Rover-Project/records/IMG/robocam_2017_06_28_13_47_30_426.jpg;-10.52484;0;0;3.466852;111.207;96.07299;359.9918;40.67862;358.882
/Users/besh/miniconda3/RoboND-Python-StarterKit/RoboND-Rover-Project/records/IMG/robocam_2017_06_28_13_47_30_493.jpg;-7.533645;0;0;3.453807;111.4219;96.24561;-0.0022879;38.76085;358.8781
/Users/besh/miniconda3/RoboND-Python-StarterKit/RoboND-Rover-Project/records/IMG/robocam_2017_06_28_13_47_30_559.jpg;-4.500466;0;0;3.442121;111.5847;96.37169;-0.003803642;37.76189;358.8815
/Users/besh/miniconda3/RoboND-Python-StarterKit/RoboND-Rover-Project/records/IMG/robocam_2017_06_28_13_47_30_625.jpg;-1.526414;0;0;3.426252;111.7479;96.4964;-0.002486242;37.17311;358.926
/Users/besh/miniconda3/RoboND-Python-StarterKit/RoboND-Rover-Project/records/IMG/robocam_2017_06_28_13_47_30_693.jpg;0;0;0;3.414423;111.9651;96.66142;359.9908;36.94239;359.0103
/Users/besh/miniconda3/RoboND-Python-StarterKit/RoboND-Rover-Project/records/IMG/robocam_2017_06_28_13_47_30_760.jpg;0;0;0;3.402877;112.1275;96.7841;359.9675;36.9104;359.0864
/Users/besh/miniconda3/RoboND-Python-StarterKit/RoboND-Rover-Project/records/IMG/robocam_2017_06_28_13_47_30_826.jpg;-1.501651;0;0;3.387714;112.2894;96.90596;359.9339;36.87667;359.1735
/Users/besh/miniconda3/RoboND-Python-StarterKit/RoboND-Rover-Project/records/IMG/robocam_2017_06_28_13_47_30_893.jpg;-4.460715;0;0;3.375996;112.5065;97.06456;359.881;36.37658;359.2329
/Users/besh/miniconda3/RoboND-Python-StarterKit/RoboND-Rover-Project/records/IMG/robocam_2017_06_28_13_47_30_960.jpg;-7.501229;0;0;3.363393;112.6711;97.17933;359.8429;35.55343;359.2076
/Users/besh/miniconda3/RoboND-Python-StarterKit/RoboND-Rover-Project/records/IMG/robocam_2017_06_28_13_47_31_026.jpg;-10.49909;0;0;3.344514;112.838;97.28958;359.8194;34.33987;359.1136
/Users/besh/miniconda3/RoboND-Python-StarterKit/RoboND-Rover-Project/records/IMG/robocam_2017_06_28_13_47_31_093.jpg;-13.50005;0;0;3.328491;113.0649;97.42877;359.8643;32.17752;358.9091
/Users/besh/miniconda3/RoboND-Python-StarterKit/RoboND-Rover-Project/records/IMG/robocam_2017_06_28_13_47_31_159.jpg;-13.49474;0;0;3.311894;113.2386;97.52795;-0.00417458;30.31285;358.7825
/Users/besh/miniconda3/RoboND-Python-StarterKit/RoboND-Rover-Project/records/IMG/robocam_2017_06_28_13_47_31_226.jpg;-10.49661;0;0;3.290325;113.4112;97.6228;0.006154961;28.54918;358.8144
/Users/besh/miniconda3/RoboND-Python-StarterKit/RoboND-Rover-Project/records/IMG/robocam_2017_06_28_13_47_31_293.jpg;-7.495653;0;0;3.277998;113.6431;97.74131;359.9509;26.70309;358.9564
/Users/besh/miniconda3/RoboND-Python-StarterKit/RoboND-Rover-Project/records/IMG/robocam_2017_06_28_13_47_31_359.jpg;-4.498158;0;0;3.26614;113.8192;97.82506;359.9229;25.75194;358.9938
/Users/besh/miniconda3/RoboND-Python-StarterKit/RoboND-Rover-Project/records/IMG/robocam_2017_06_28_13_47_31_426.jpg;-1.499942;0;0;3.251637;113.9954;97.90766;359.9047;25.18089;359.0497
/Users/besh/miniconda3/RoboND-Python-StarterKit/RoboND-Rover-Project/records/IMG/robocam_2017_06_28_13_47_31_493.jpg;0;0;0;3.240493;114.2291;98.0173;359.8581;24.9677;359.1572
/Users/besh/miniconda3/RoboND-Python-StarterKit/RoboND-Rover-Project/records/IMG/robocam_2017_06_28_13_47_31_560.jpg;0;0;0;3.229581;114.4038;98.09893;359.8146;24.93996;359.2522
/Users/besh/miniconda3/RoboND-Python-StarterKit/RoboND-Rover-Project/records/IMG/robocam_2017_06_28_13_47_31_626.jpg;0;0;0;3.215122;114.5778;98.18009;359.7632;24.93461;359.3545
/Users/besh/miniconda3/RoboND-Python-StarterKit/RoboND-Rover-Project/records/IMG/robocam_2017_06_28_13_47_31_693.jpg;0;0;0;3.204168;114.8089;98.28765;359.6881;24.93403;359.4986
/Users/besh/miniconda3/RoboND-Python-StarterKit/RoboND-Rover-Project/records/IMG/robocam_2017_06_28_13_47_31_760.jpg;0;0;0;3.193404;114.9814;98.36799;359.6292;24.93604;359.6122
/Users/besh/miniconda3/RoboND-Python-StarterKit/RoboND-Rover-Project/records/IMG/robocam_2017_06_28_13_47_31_825.jpg;0;0;0;3.178755;115.1535;98.44801;359.5749;24.93844;359.7288
/Users/besh/miniconda3/RoboND-Python-StarterKit/RoboND-Rover-Project/records/IMG/robocam_2017_06_28_13_47_31_892.jpg;0;0;0;3.16799;115.382;98.55412;359.4982;24.93833;359.8733
/Users/besh/miniconda3/RoboND-Python-StarterKit/RoboND-Rover-Project/records/IMG/robocam_2017_06_28_13_47_31_960.jpg;0;0;0;3.157228;115.5527;98.63334;359.4401;24.93774;359.973
/Users/besh/miniconda3/RoboND-Python-StarterKit/RoboND-Rover-Project/records/IMG/robocam_2017_06_28_13_47_32_026.jpg;0;0;0;3.142888;115.7233;98.71208;359.3988;24.92887;0.04495077
/Users/besh/miniconda3/RoboND-Python-StarterKit/RoboND-Rover-Project/records/IMG/robocam_2017_06_28_13_47_32_093.jpg;0;0;0;3.131179;115.95;98.81697;359.3687;24.91959;0.1164694
/Users/besh/miniconda3/RoboND-Python-StarterKit/RoboND-Rover-Project/records/IMG/robocam_2017_06_28_13_47_32_159.jpg;0;0;0;3.120019;116.1199;98.89529;359.3758;24.90661;0.1339023
/Users/besh/miniconda3/RoboND-Python-StarterKit/RoboND-Rover-Project/records/IMG/robocam_2017_06_28_13_47_32_226.jpg;0;0;0;3.105435;116.289;98.97364;359.3779;24.90356;0.1562005
/Users/besh/miniconda3/RoboND-Python-StarterKit/RoboND-Rover-Project/records/IMG/robocam_2017_06_28_13_47_32_293.jpg;0;0;0;3.094859;116.5139;99.07755;359.3948;24.8941;0.1577505
/Users/besh/miniconda3/RoboND-Python-StarterKit/RoboND-Rover-Project/records/IMG/robocam_2017_06_28_13_47_32_359.jpg;0;0;0;3.08358;116.6819;99.15534;359.4134;24.89043;0.1502562
/Users/besh/miniconda3/RoboND-Python-StarterKit/RoboND-Rover-Project/records/IMG/robocam_2017_06_28_13_47_32_426.jpg;0;0;0;3.06962;116.8492;99.23289;359.4262;24.88956;0.1419513
/Users/besh/miniconda3/RoboND-Python-StarterKit/RoboND-Rover-Project/records/IMG/robocam_2017_06_28_13_47_32_493.jpg;0;0;0;3.059205;117.0712;99.33585;359.4346;24.88934;0.127921
/Users/besh/miniconda3/RoboND-Python-StarterKit/RoboND-Rover-Project/records/IMG/robocam_2017_06_28_13_47_32_560.jpg;-1.502324;0;0;3.048521;117.2377;99.41212;359.4576;24.80745;0.07878186
/Users/besh/miniconda3/RoboND-Python-StarterKit/RoboND-Rover-Project/records/IMG/robocam_2017_06_28_13_47_32_626.jpg;-1.499492;0;0;3.033881;117.404;99.4867;359.4709;24.51109;-0.0005583917
/Users/besh/miniconda3/RoboND-Python-StarterKit/RoboND-Rover-Project/records/IMG/robocam_2017_06_28_13_47_32_692.jpg;0;0;0;3.023666;117.6243;99.58662;359.4784;24.38234;359.9301
/Users/besh/miniconda3/RoboND-Python-StarterKit/RoboND-Rover-Project/records/IMG/robocam_2017_06_28_13_47_32_760.jpg;0;0;0;3.013421;117.7888;99.66163;359.494;24.37321;359.9056
/Users/besh/miniconda3/RoboND-Python-StarterKit/RoboND-Rover-Project/records/IMG/robocam_2017_06_28_13_47_32_826.jpg;0;0;0;2.999172;117.9529;99.73615;359.5085;24.37227;359.8846
/Users/besh/miniconda3/RoboND-Python-StarterKit/RoboND-Rover-Project/records/IMG/robocam_2017_06_28_13_47_32_893.jpg;0;0;0;2.989018;118.1707;99.83514;359.5237;24.37626;359.8706
/Users/besh/miniconda3/RoboND-Python-StarterKit/RoboND-Rover-Project/records/IMG/robocam_2017_06_28_13_47_32_959.jpg;0;0;0;2.978416;118.3335;99.90909;359.54;24.38042;359.8741
/Users/besh/miniconda3/RoboND-Python-StarterKit/RoboND-Rover-Project/records/IMG/robocam_2017_06_28_13_47_33_026.jpg;0;0;0;2.964978;118.4956;99.98264;359.5477;24.38137;359.8776
/Users/besh/miniconda3/RoboND-Python-StarterKit/RoboND-Rover-Project/records/IMG/robocam_2017_06_28_13_47_33_093.jpg;0;0;0;2.954962;118.7108;100.0804;359.5525;24.38532;359.8936
/Users/besh/miniconda3/RoboND-Python-StarterKit/RoboND-Rover-Project/records/IMG/robocam_2017_06_28_13_47_33_159.jpg;0;0;0;2.94456;118.8716;100.1534;359.5597;24.38898;359.9156
/Users/besh/miniconda3/RoboND-Python-StarterKit/RoboND-Rover-Project/records/IMG/robocam_2017_06_28_13_47_33_226.jpg;-1.50156;0;0;2.931285;119.0319;100.2258;359.5589;24.3595;359.9299
/Users/besh/miniconda3/RoboND-Python-StarterKit/RoboND-Rover-Project/records/IMG/robocam_2017_06_28_13_47_33_293.jpg;-4.502745;0;0;2.92086;119.2461;100.3188;359.5605;23.85087;359.8828
/Users/besh/miniconda3/RoboND-Python-StarterKit/RoboND-Rover-Project/records/IMG/robocam_2017_06_28_13_47_33_359.jpg;-7.501229;0;0;2.909033;119.4077;100.3845;359.5698;23.02771;359.7756
/Users/besh/miniconda3/RoboND-Python-StarterKit/RoboND-Rover-Project/records/IMG/robocam_2017_06_28_13_47_33_425.jpg;-10.47006;0;0;2.891418;119.5704;100.4457;359.5931;21.83404;359.6004
/Users/besh/miniconda3/RoboND-Python-StarterKit/RoboND-Rover-Project/records/IMG/robocam_2017_06_28_13_47_33_493.jpg;-13.49798;0;0;2.875638;119.7893;100.5181;359.6495;19.63293;359.2379
/Users/besh/miniconda3/RoboND-Python-StarterKit/RoboND-Rover-Project/records/IMG/robocam_2017_06_28_13_47_33_558.jpg;-13.50452;0;0;2.858152;119.9553;100.5668;359.7764;17.77066;358.9625
/Users/besh/miniconda3/RoboND-Python-StarterKit/RoboND-Rover-Project/records/IMG/robocam_2017_06_28_13_47_33_626.jpg;-10.50239;0;0;2.840884;120.1232;100.6132;0.01711117;16.1041;358.7961
/Users/besh/miniconda3/RoboND-Python-StarterKit/RoboND-Rover-Project/records/IMG/robocam_2017_06_28_13_47_33_693.jpg;-7.501292;0;0;2.828508;120.3412;100.6714;0.0248923;14.33174;358.9021
/Users/besh/miniconda3/RoboND-Python-StarterKit/RoboND-Rover-Project/records/IMG/robocam_2017_06_28_13_47_33_760.jpg;-4.530976;0;0;2.820703;120.5037;100.7095;359.9193;13.42522;359.0011
/Users/besh/miniconda3/RoboND-Python-StarterKit/RoboND-Rover-Project/records/IMG/robocam_2017_06_28_13_47_33_825.jpg;-1.505761;0;0;2.808742;120.6666;100.7462;359.8393;12.90569;359.1081
/Users/besh/miniconda3/RoboND-Python-StarterKit/RoboND-Rover-Project/records/IMG/robocam_2017_06_28_13_47_33_893.jpg;0;0;0;2.798937;120.8829;100.7954;359.7303;12.73236;359.2823
/Users/besh/miniconda3/RoboND-Python-StarterKit/RoboND-Rover-Project/records/IMG/robocam_2017_06_28_13_47_33_959.jpg;0;0;0;2.789423;121.0445;100.832;359.6468;12.71146;359.4142
/Users/besh/miniconda3/RoboND-Python-StarterKit/RoboND-Rover-Project/records/IMG/robocam_2017_06_28_13_47_34_026.jpg;0;0;0;2.776616;121.2058;100.8685;359.5768;12.71095;359.5578
/Users/besh/miniconda3/RoboND-Python-StarterKit/RoboND-Rover-Project/records/IMG/robocam_2017_06_28_13_47_34_093.jpg;0;0;0;2.767175;121.42;100.9167;359.4855;12.70966;359.7365
/Users/besh/miniconda3/RoboND-Python-StarterKit/RoboND-Rover-Project/records/IMG/robocam_2017_06_28_13_47_34_160.jpg;0;0;0;2.757725;121.5802;100.9527;359.4215;12.70881;359.8622
/Users/besh/miniconda3/RoboND-Python-StarterKit/RoboND-Rover-Project/records/IMG/robocam_2017_06_28_13_47_34_226.jpg;0;0.2011351;0;2.747607;121.7402;100.9886;359.3694;12.70786;359.9791
/Users/besh/miniconda3/RoboND-Python-StarterKit/RoboND-Rover-Project/records/IMG/robocam_2017_06_28_13_47_34_292.jpg;0;0.4010401;0;2.750299;121.9551;101.0364;359.3754;12.69569;0.09120569
/Users/besh/miniconda3/RoboND-Python-StarterKit/RoboND-Rover-Project/records/IMG/robocam_2017_06_28_13_47_34_359.jpg;0;0.5987311;0;2.760172;122.1183;101.0729;359.4458;12.69125;0.1606605
/Users/besh/miniconda3/RoboND-Python-StarterKit/RoboND-Rover-Project/records/IMG/robocam_2017_06_28_13_47_34_425.jpg;0;0.7991611;0;2.789191;122.2838;101.1099;359.5735;12.6896;0.2219905
/Users/besh/miniconda3/RoboND-Python-StarterKit/RoboND-Rover-Project/records/IMG/robocam_2017_06_28_13_47_34_492.jpg;0;0.9998281;0;2.821408;122.5092;101.1605;359.8463;12.68799;0.2880525
/Users/besh/miniconda3/RoboND-Python-StarterKit/RoboND-Rover-Project/records/IMG/robocam_2017_06_28_13_47_34_559.jpg;0;1;0;2.860722;122.6822;101.1992;0.1241988;12.68685;0.3256257
/Users/besh/miniconda3/RoboND-Python-StarterKit/RoboND-Rover-Project/records/IMG/robocam_2017_06_28_13_47_34_626.jpg;0;1;0;2.913997;122.858;101.2382;0.421688;12.67446;0.3255072
/Users/besh/miniconda3/RoboND-Python-StarterKit/RoboND-Rover-Project/records/IMG/robocam_2017_06_28_13_47_34_692.jpg;0;0.900286;0;2.954678;123.0961;101.2907;0.8165627;12.6507;0.273095
/Users/besh/miniconda3/RoboND-Python-StarterKit/RoboND-Rover-Project/records/IMG/robocam_2017_06_28_13_47_34_760.jpg;0;0.702955;0;2.989704;123.2765;101.3303;1.09255;12.62655;0.2061245
/Users/besh/miniconda3/RoboND-Python-StarterKit/RoboND-Rover-Project/records/IMG/robocam_2017_06_28_13_47_34_826.jpg;0;0.500131;0;3.022068;123.4572;101.3692;1.287525;12.59766;0.08080417
/Users/besh/miniconda3/RoboND-Python-StarterKit/RoboND-Rover-Project/records/IMG/robocam_2017_06_28_13_47_34_893.jpg;0;0.300898;0;3.037983;123.6958;101.4227;1.364453;12.6208;-0.005515768
/Users/besh/miniconda3/RoboND-Python-StarterKit/RoboND-Rover-Project/records/IMG/robocam_2017_06_28_13_47_34_959.jpg;0;0.100261;0;3.044847;123.8731;101.4633;1.316754;12.64368;-0.003937523
/Users/besh/miniconda3/RoboND-Python-StarterKit/RoboND-Rover-Project/records/IMG/robocam_2017_06_28_13_47_35_026.jpg;0;0;0;3.036672;124.0491;101.5035;1.216902;12.66183;-0.003659566
/Users/besh/miniconda3/RoboND-Python-StarterKit/RoboND-Rover-Project/records/IMG/robocam_2017_06_28_13_47_35_093.jpg;0;0;0;3.027328;124.2818;101.5567;1.018013;12.68302;-0.003162983
/Users/besh/miniconda3/RoboND-Python-StarterKit/RoboND-Rover-Project/records/IMG/robocam_2017_06_28_13_47_35_160.jpg;3.038849;0;0;3.017643;124.4548;101.5973;0.833809;12.89723;-0.002144746
/Users/besh/miniconda3/RoboND-Python-StarterKit/RoboND-Rover-Project/records/IMG/robocam_2017_06_28_13_47_35_226.jpg;6.037425;0;0;3.003724;124.6261;101.64;0.6263648;13.4409;0.03193907
/Users/besh/miniconda3/RoboND-Python-StarterKit/RoboND-Rover-Project/records/IMG/robocam_2017_06_28_13_47_35_292.jpg;9.038923;0;0;2.991923;124.8513;101.7028;0.3124031;14.77348;0.207697
/Users/besh/miniconda3/RoboND-Python-StarterKit/RoboND-Rover-Project/records/IMG/robocam_2017_06_28_13_47_35_359.jpg;11.99916;0;0;2.978887;125.0169;101.7555;0.04957649;16.20882;0.4501177
/Users/besh/miniconda3/RoboND-Python-StarterKit/RoboND-Rover-Project/records/IMG/robocam_2017_06_28_13_47_35_426.jpg;15;0;0;2.958172;125.1801;101.8136;359.8177;17.98032;0.7620304
/Users/besh/miniconda3/RoboND-Python-StarterKit/RoboND-Rover-Project/records/IMG/robocam_2017_06_28_13_47_35_493.jpg;15;0;0;2.939743;125.3959;101.8989;359.6833;20.56885;1.17738
/Users/besh/miniconda3/RoboND-Python-StarterKit/RoboND-Rover-Project/records/IMG/robocam_2017_06_28_13_47_35_559.jpg;15;0;0;2.924147;125.5584;101.9669;359.7853;22.48046;1.304491
/Users/besh/miniconda3/RoboND-Python-StarterKit/RoboND-Rover-Project/records/IMG/robocam_2017_06_28_13_47_35_626.jpg;15;0;0;2.902127;125.7198;102.0395;-0.005020456;24.49502;1.27396
/Users/besh/miniconda3/RoboND-Python-StarterKit/RoboND-Rover-Project/records/IMG/robocam_2017_06_28_13_47_35_693.jpg;15;0;0;2.87862;125.9233;102.144;359.9803;27.18095;1.103577
/Users/besh/miniconda3/RoboND-Python-StarterKit/RoboND-Rover-Project/records/IMG/robocam_2017_06_28_13_47_35_759.jpg;15;0;0;2.864894;126.0695;102.2316;359.9492;29.23524;1.094041
/Users/besh/miniconda3/RoboND-Python-StarterKit/RoboND-Rover-Project/records/IMG/robocam_2017_06_28_13_47_35_826.jpg;15;0;0;2.84679;126.2123;102.3245;359.9644;31.29131;1.134219
/Users/besh/miniconda3/RoboND-Python-StarterKit/RoboND-Rover-Project/records/IMG/robocam_2017_06_28_13_47_35_893.jpg;15;0;0;2.832735;126.3972;102.4547;0.005380481;34.03537;1.19566
/Users/besh/miniconda3/RoboND-Python-StarterKit/RoboND-Rover-Project/records/IMG/robocam_2017_06_28_13_47_35_959.jpg;15;0;0;2.820205;126.5315;102.5555;359.9911;36.09486;1.136918
/Users/besh/miniconda3/RoboND-Python-StarterKit/RoboND-Rover-Project/records/IMG/robocam_2017_06_28_13_47_36_026.jpg;15;0;0;2.801227;126.6603;102.6623;359.986;38.14693;1.119579
/Users/besh/miniconda3/RoboND-Python-StarterKit/RoboND-Rover-Project/records/IMG/robocam_2017_06_28_13_47_36_093.jpg;15;0;0;2.787051;126.8247;102.8117;0.001510672;40.90413;1.176918
/Users/besh/miniconda3/RoboND-Python-StarterKit/RoboND-Rover-Project/records/IMG/robocam_2017_06_28_13_47_36_160.jpg;15;0;0;2.775293;126.9432;102.927;359.9929;42.95563;1.178531
/Users/besh/miniconda3/RoboND-Python-StarterKit/RoboND-Rover-Project/records/IMG/robocam_2017_06_28_13_47_36_225.jpg;15;0;0;2.757117;127.0573;103.0459;0.003853961;44.97574;1.135176
/Users/besh/miniconda3/RoboND-Python-StarterKit/RoboND-Rover-Project/records/IMG/robocam_2017_06_28_13_47_36_293.jpg;15;0;0;2.743609;127.2004;103.2106;359.9922;47.68697;1.136161
/Users/besh/miniconda3/RoboND-Python-StarterKit/RoboND-Rover-Project/records/IMG/robocam_2017_06_28_13_47_36_359.jpg;15;0;0;2.730287;127.3018;103.3379;359.987;49.73151;1.171083
/Users/besh/miniconda3/RoboND-Python-StarterKit/RoboND-Rover-Project/records/IMG/robocam_2017_06_28_13_47_36_426.jpg;15;0;0;2.713982;127.3991;103.4677;-0.00383371;51.74285;1.153745
/Users/besh/miniconda3/RoboND-Python-StarterKit/RoboND-Rover-Project/records/IMG/robocam_2017_06_28_13_47_36_493.jpg;15;0;0;2.69909;127.5203;103.6449;359.9872;54.4407;1.141492
/Users/besh/miniconda3/RoboND-Python-StarterKit/RoboND-Rover-Project/records/IMG/robocam_2017_06_28_13_47_36_559.jpg;15;0;0;2.687752;127.6047;103.7812;359.9888;56.461;1.153711
/Users/besh/miniconda3/RoboND-Python-StarterKit/RoboND-Rover-Project/records/IMG/robocam_2017_06_28_13_47_36_626.jpg;15;0.199539;0;2.672551;127.6843;103.9196;359.9881;58.47298;1.150702
/Users/besh/miniconda3/RoboND-Python-StarterKit/RoboND-Rover-Project/records/IMG/robocam_2017_06_28_13_47_36_693.jpg;15;0.3999331;0;2.671764;127.7825;104.1089;0.008727754;61.17361;1.165176
/Users/besh/miniconda3/RoboND-Python-StarterKit/RoboND-Rover-Project/records/IMG/robocam_2017_06_28_13_47_36_759.jpg;15;0.5999851;0;2.67819;127.8511;104.2536;0.002863637;63.20028;1.138126
/Users/besh/miniconda3/RoboND-Python-StarterKit/RoboND-Rover-Project/records/IMG/robocam_2017_06_28_13_47_36_826.jpg;15;0.7998721;0;2.703879;127.9146;104.4023;0.01213965;65.24866;1.107738
/Users/besh/miniconda3/RoboND-Python-StarterKit/RoboND-Rover-Project/records/IMG/robocam_2017_06_28_13_47_36_892.jpg;15;0.998745;0;2.734133;127.991;104.6068;0.0128548;68.03577;1.121185
/Users/besh/miniconda3/RoboND-Python-StarterKit/RoboND-Rover-Project/records/IMG/robocam_2017_06_28_13_47_36_959.jpg;15;1;0;2.770839;128.0432;104.7647;0.01219413;70.11873;1.126894
/Users/besh/miniconda3/RoboND-Python-StarterKit/RoboND-Rover-Project/records/IMG/robocam_2017_06_28_13_47_37_026.jpg;15;1;0;2.821411;128.0905;104.9265;0.01206864;72.20497;1.125514
/Users/besh/miniconda3/RoboND-Python-StarterKit/RoboND-Rover-Project/records/IMG/robocam_2017_06_28_13_47_37_093.jpg;15;1;0;2.858879;128.1453;105.1481;0.01293523;75.00327;1.123651
/Users/besh/miniconda3/RoboND-Python-StarterKit/RoboND-Rover-Project/records/IMG/robocam_2017_06_28_13_47_37_159.jpg;15;1;0;2.896158;128.1799;105.3184;0.01296978;77.1148;1.125942
/Users/besh/miniconda3/RoboND-Python-StarterKit/RoboND-Rover-Project/records/IMG/robocam_2017_06_28_13_47_37_225.jpg;13.51315;1;0;2.945661;128.209;105.492;0.01340515;79.20905;1.127512
/Users/besh/miniconda3/RoboND-Python-StarterKit/RoboND-Rover-Project/records/IMG/robocam_2017_06_28_13_47_37_293.jpg;10.49887;1;0;2.985847;128.2413;105.7283;0.01083728;81.60231;1.092113
/Users/besh/miniconda3/RoboND-Python-StarterKit/RoboND-Rover-Project/records/IMG/robocam_2017_06_28_13_47_37_359.jpg;7.500254;1;0;3.026721;128.2615;105.9094;0.02764965;82.98966;1.058306
/Users/besh/miniconda3/RoboND-Python-StarterKit/RoboND-Rover-Project/records/IMG/robocam_2017_06_28_13_47_37_426.jpg;4.500959;1;0;3.081347;128.2795;106.0938;0.06716532;84.01781;1.020212
/Users/besh/miniconda3/RoboND-Python-StarterKit/RoboND-Rover-Project/records/IMG/robocam_2017_06_28_13_47_37_493.jpg;1.502338;1;0;3.121694;128.3028;106.3443;0.1555353;84.75647;0.9170204
/Users/besh/miniconda3/RoboND-Python-StarterKit/RoboND-Rover-Project/records/IMG/robocam_2017_06_28_13_47_37_559.jpg;0;1;0;3.162048;128.3205;106.5359;0.269675;84.91467;0.8081998
/Users/besh/miniconda3/RoboND-Python-StarterKit/RoboND-Rover-Project/records/IMG/robocam_2017_06_28_13_47_37_626.jpg;0;1;0;3.21414;128.3382;106.7307;0.4286797;84.9472;0.6882573
/Users/besh/miniconda3/RoboND-Python-StarterKit/RoboND-Rover-Project/records/IMG/robocam_2017_06_28_13_47_37_693.jpg;0;1;0;3.252661;128.3623;106.9949;0.6837088;84.93552;0.5008172
/Users/besh/miniconda3/RoboND-Python-StarterKit/RoboND-Rover-Project/records/IMG/robocam_2017_06_28_13_47_37_759.jpg;0;1;0;3.292033;128.3808;107.196;0.8914917;84.91631;0.3398254
/Users/besh/miniconda3/RoboND-Python-StarterKit/RoboND-Rover-Project/records/IMG/robocam_2017_06_28_13_47_37_826.jpg;0;1;0;3.344656;128.3996;107.3997;1.115042;84.88906;0.1753157
/Users/besh/miniconda3/RoboND-Python-StarterKit/RoboND-Rover-Project/records/IMG/robocam_2017_06_28_13_47_37_893.jpg;0;1;0;3.383206;128.4246;107.6748;1.399329;84.86668;359.9908
/Users/besh/miniconda3/RoboND-Python-StarterKit/RoboND-Rover-Project/records/IMG/robocam_2017_06_28_13_47_37_959.jpg;0;1;0;3.422305;128.4414;107.8813;1.446883;84.87572;-0.00421906
/Users/besh/miniconda3/RoboND-Python-StarterKit/RoboND-Rover-Project/records/IMG/robocam_2017_06_28_13_47_38_026.jpg;0;1;0;3.482571;128.4597;108.0889;1.407345;84.83872;-0.001842472
/Users/besh/miniconda3/RoboND-Python-StarterKit/RoboND-Rover-Project/records/IMG/robocam_2017_06_28_13_47_38_093.jpg;2.99511;1;0;3.521998;128.4841;108.37;1.391261;85.06886;-0.00264964
/Users/besh/miniconda3/RoboND-Python-StarterKit/RoboND-Rover-Project/records/IMG/robocam_2017_06_28_13_47_38_159.jpg;5.954488;1;0;3.560349;128.4998;108.5838;1.387212;85.64769;0.01911908
/Users/besh/miniconda3/RoboND-Python-StarterKit/RoboND-Rover-Project/records/IMG/robocam_2017_06_28_13_47_38_226.jpg;8.99658;1;0;3.609455;128.5114;108.7995;1.347857;86.64247;0.07349623
/Users/besh/miniconda3/RoboND-Python-StarterKit/RoboND-Rover-Project/records/IMG/robocam_2017_06_28_13_47_38_292.jpg;11.99957;1;0;3.645232;128.5179;109.0888;1.189032;88.67831;0.2098387
/Users/besh/miniconda3/RoboND-Python-StarterKit/RoboND-Rover-Project/records/IMG/robocam_2017_06_28_13_47_38_359.jpg;14.97136;1;0;3.679757;128.5139;109.3064;0.9782888;90.70898;0.383314
/Users/besh/miniconda3/RoboND-Python-StarterKit/RoboND-Rover-Project/records/IMG/robocam_2017_06_28_13_47_38_425.jpg;15;1;0;3.722978;128.5015;109.5242;0.692092;92.9826;0.6210147
/Users/besh/miniconda3/RoboND-Python-StarterKit/RoboND-Rover-Project/records/IMG/robocam_2017_06_28_13_47_38_493.jpg;13.479;1;0;3.755233;128.4724;109.8148;0.2224023;95.99683;1.019171
/Users/besh/miniconda3/RoboND-Python-StarterKit/RoboND-Rover-Project/records/IMG/robocam_2017_06_28_13_47_38_559.jpg;10.47264;1;0;3.788901;128.4439;110.0344;359.8875;97.84055;1.269251
/Users/besh/miniconda3/RoboND-Python-StarterKit/RoboND-Rover-Project/records/IMG/robocam_2017_06_28_13_47_38_625.jpg;7.475685;1;0;3.822961;128.4122;110.2592;359.7924;99.15356;1.333259
/Users/besh/miniconda3/RoboND-Python-StarterKit/RoboND-Rover-Project/records/IMG/robocam_2017_06_28_13_47_38_693.jpg;4.486111;1;0;3.841397;128.364;110.5682;0.06550486;100.3598;1.121201
/Users/besh/miniconda3/RoboND-Python-StarterKit/RoboND-Rover-Project/records/IMG/robocam_2017_06_28_13_47_38_759.jpg;1.471514;1;0;3.895258;128.3224;110.8019;0.2443143;100.9655;0.9164576
/Users/besh/miniconda3/RoboND-Python-StarterKit/RoboND-Rover-Project/records/IMG/robocam_2017_06_28_13_47_38_826.jpg;0;1;0;3.945613;128.2782;111.0373;0.4045656;101.2154;0.7146447
/Users/besh/miniconda3/RoboND-Python-StarterKit/RoboND-Rover-Project/records/IMG/robocam_2017_06_28_13_47_38_893.jpg;0;1;0;3.982895;128.2161;111.3548;0.6612256;101.2971;0.4874414
/Users/besh/miniconda3/RoboND-Python-StarterKit/RoboND-Rover-Project/records/IMG/robocam_2017_06_28_13_47_38_959.jpg;0;1;0;4.01938;128.1686;111.5959;0.8804383;101.296;0.3237132
/Users/besh/miniconda3/RoboND-Python-StarterKit/RoboND-Rover-Project/records/IMG/robocam_2017_06_28_13_47_39_025.jpg;0;1;0;4.06789;128.1207;111.8394;1.112687;101.2739;0.1598724
/Users/besh/miniconda3/RoboND-Python-StarterKit/RoboND-Rover-Project/records/IMG/robocam_2017_06_28_13_47_39_093.jpg;0;1;0;4.104649;128.0556;112.1673;1.416921;101.2526;-0.005653644
/Users/besh/miniconda3/RoboND-Python-StarterKit/RoboND-Rover-Project/records/IMG/robocam_2017_06_28_13_47_39_159.jpg;0;1;0;4.140543;128.0052;112.413;1.501719;101.2524;-0.004432941
/Users/besh/miniconda3/RoboND-Python-StarterKit/RoboND-Rover-Project/records/IMG/robocam_2017_06_28_13_47_39_226.jpg;0;1;0;4.197487;127.9559;112.6595;1.466822;101.2055;-0.002221846
/Users/besh/miniconda3/RoboND-Python-StarterKit/RoboND-Rover-Project/records/IMG/robocam_2017_06_28_13_47_39_293.jpg;0;1;0;4.234892;127.8908;112.9918;1.418555;101.1662;-0.001578164
/Users/besh/miniconda3/RoboND-Python-StarterKit/RoboND-Rover-Project/records/IMG/robocam_2017_06_28_13_47_39_359.jpg;2.99304;1;0;4.271124;127.8409;113.2438;1.405753;101.312;-0.002332077
/Users/besh/miniconda3/RoboND-Python-StarterKit/RoboND-Rover-Project/records/IMG/robocam_2017_06_28_13_47_39_425.jpg;5.976718;1;0;4.319043;127.7881;113.4977;1.403622;101.7811;0.01950007
/Users/besh/miniconda3/RoboND-Python-StarterKit/RoboND-Rover-Project/records/IMG/robocam_2017_06_28_13_47_39_493.jpg;8.959678;1;0;4.353356;127.7109;113.837;1.352637;103.0469;0.1130045
/Users/besh/miniconda3/RoboND-Python-StarterKit/RoboND-Rover-Project/records/IMG/robocam_2017_06_28_13_47_39_559.jpg;11.9529;1;0;4.387713;127.6465;114.0904;1.212241;104.5229;0.2128891
/Users/besh/miniconda3/RoboND-Python-StarterKit/RoboND-Rover-Project/records/IMG/robocam_2017_06_28_13_47_39_626.jpg;14.9611;1;0;4.430795;127.5737;114.3422;1.001904;106.3994;0.3979455
/Users/besh/miniconda3/RoboND-Python-StarterKit/RoboND-Rover-Project/records/IMG/robocam_2017_06_28_13_47_39_693.jpg;15;1;0;4.459833;127.4635;114.6737;0.5762743;109.3376;0.7406896
/Users/besh/miniconda3/RoboND-Python-StarterKit/RoboND-Rover-Project/records/IMG/robocam_2017_06_28_13_47_39_759.jpg;15;1;0;4.489382;127.3704;114.9186;0.1671633;111.6119;1.076173
/Users/besh/miniconda3/RoboND-Python-StarterKit/RoboND-Rover-Project/records/IMG/robocam_2017_06_28_13_47_39_826.jpg;11.98824;1;0;4.524795;127.2699;115.1633;359.822;113.6363;1.360327
/Users/besh/miniconda3/RoboND-Python-StarterKit/RoboND-Rover-Project/records/IMG/robocam_2017_06_28_13_47_39_892.jpg;9.027689;1;0;4.53223;127.1285;115.4957;359.7827;115.5692;1.326149
/Users/besh/miniconda3/RoboND-Python-StarterKit/RoboND-Rover-Project/records/IMG/robocam_2017_06_28_13_47_39_959.jpg;6.01791;1;0;4.557237;127.0121;115.7477;0.002324505;116.7404;1.175235
/Users/besh/miniconda3/RoboND-Python-StarterKit/RoboND-Rover-Project/records/IMG/robocam_2017_06_28_13_47_40_025.jpg;3.00948;1;0;4.614103;126.8881;115.9973;0.1328176;117.7289;1.063663
/Users/besh/miniconda3/RoboND-Python-StarterKit/RoboND-Rover-Project/records/IMG/robocam_2017_06_28_13_47_40_092.jpg;0.01877904;1;0;4.648483;126.7167;116.3289;0.1981222;118.42;0.8975174
/Users/besh/miniconda3/RoboND-Python-StarterKit/RoboND-Rover-Project/records/IMG/robocam_2017_06_28_13_47_40_159.jpg;0;1;0;4.684153;126.5834;116.5785;0.2713659;118.5797;0.814871
/Users/besh/miniconda3/RoboND-Python-StarterKit/RoboND-Rover-Project/records/IMG/robocam_2017_06_28_13_47_40_226.jpg;0;1;0;4.729366;126.4477;116.8299;0.3803127;118.6293;0.7393863
/Users/besh/miniconda3/RoboND-Python-StarterKit/RoboND-Rover-Project/records/IMG/robocam_2017_06_28_13_47_40_293.jpg;0;1;0;4.763291;126.2643;117.1683;0.5713955;118.6339;0.6228591
/Users/besh/miniconda3/RoboND-Python-StarterKit/RoboND-Rover-Project/records/IMG/robocam_2017_06_28_13_47_40_359.jpg;0;1;0;4.796766;126.1256;117.4245;0.7331701;118.615;0.5117482
/Users/besh/miniconda3/RoboND-Python-StarterKit/RoboND-Rover-Project/records/IMG/robocam_2017_06_28_13_47_40_426.jpg;0;1;0;4.842566;125.9859;117.6827;0.9040729;118.5864;0.3832931
/Users/besh/miniconda3/RoboND-Python-StarterKit/RoboND-Rover-Project/records/IMG/robocam_2017_06_28_13_47_40_492.jpg;0;1;0;4.876206;125.7981;118.0301;1.149345;118.5401;0.2038977
/Users/besh/miniconda3/RoboND-Python-StarterKit/RoboND-Rover-Project/records/IMG/robocam_2017_06_28_13_47_40_559.jpg;0;1;0;4.909766;125.6564;118.293;1.338559;118.4974;0.06238178
/Users/besh/miniconda3/RoboND-Python-StarterKit/RoboND-Rover-Project/records/IMG/robocam_2017_06_28_13_47_40_626.jpg;0;1;0;4.955041;125.513;118.557;1.511653;118.487;359.994
/Users/besh/miniconda3/RoboND-Python-StarterKit/RoboND-Rover-Project/records/IMG/robocam_2017_06_28_13_47_40_693.jpg;0;1;0;4.991485;125.3213;118.9081;1.516608;118.4706;359.994
/Users/besh/miniconda3/RoboND-Python-StarterKit/RoboND-Rover-Project/records/IMG/robocam_2017_06_28_13_47_40_759.jpg;0;1;0;5.033362;125.1792;119.1706;1.397887;118.4381;-0.002205313
/Users/besh/miniconda3/RoboND-Python-StarterKit/RoboND-Rover-Project/records/IMG/robocam_2017_06_28_13_47_40_826.jpg;0;1;0;5.010528;125.0371;119.4343;1.318555;118.4142;-0.001963853
/Users/besh/miniconda3/RoboND-Python-StarterKit/RoboND-Rover-Project/records/IMG/robocam_2017_06_28_13_47_40_893.jpg;0;1;0;5.016317;124.8478;119.787;1.261745;118.3887;-0.001768781
/Users/besh/miniconda3/RoboND-Python-StarterKit/RoboND-Rover-Project/records/IMG/robocam_2017_06_28_13_47_40_959.jpg;0;1;0;4.995861;124.706;120.0518;1.24227;118.3342;-0.001378902
/Users/besh/miniconda3/RoboND-Python-StarterKit/RoboND-Rover-Project/records/IMG/robocam_2017_06_28_13_47_41_026.jpg;0;1;0;5.016909;124.5642;120.3171;1.248604;118.3006;-0.001153242
/Users/besh/miniconda3/RoboND-Python-StarterKit/RoboND-Rover-Project/records/IMG/robocam_2017_06_28_13_47_41_093.jpg;3.024448;1;0;4.995957;124.3739;120.6709;1.285265;118.4597;-0.002204198
/Users/besh/miniconda3/RoboND-Python-StarterKit/RoboND-Rover-Project/records/IMG/robocam_2017_06_28_13_47_41_159.jpg;6.025183;1;0;5.007919;124.2287;120.935;1.32334;118.9316;0.02297886
/Users/besh/miniconda3/RoboND-Python-StarterKit/RoboND-Rover-Project/records/IMG/robocam_2017_06_28_13_47_41_226.jpg;8.987803;1;0;4.995295;124.0797;121.1969;1.356319;119.7601;0.1148311
/Users/besh/miniconda3/RoboND-Python-StarterKit/RoboND-Rover-Project/records/IMG/robocam_2017_06_28_13_47_41_292.jpg;5.960024;1;0;5.006719;123.8789;121.5422;1.269883;121.0517;0.1889407
/Users/besh/miniconda3/RoboND-Python-StarterKit/RoboND-Rover-Project/records/IMG/robocam_2017_06_28_13_47_41_358.jpg;2.950063;1;0;5.046827;123.7255;121.7972;1.131921;121.7593;0.2543066
/Users/besh/miniconda3/RoboND-Python-StarterKit/RoboND-Rover-Project/records/IMG/robocam_2017_06_28_13_47_41_426.jpg;0;1;0;5.007633;123.5689;122.0522;1.041463;122.1348;0.3606531
/Users/besh/miniconda3/RoboND-Python-StarterKit/RoboND-Rover-Project/records/IMG/robocam_2017_06_28_13_47_41_492.jpg;0;1;0;5.016229;123.3591;122.3919;0.9376142;122.2821;0.4583255
/Users/besh/miniconda3/RoboND-Python-StarterKit/RoboND-Rover-Project/records/IMG/robocam_2017_06_28_13_47_41_559.jpg;0;1;0;4.996396;123.2014;122.6464;0.8616187;122.2801;0.4830408
/Users/besh/miniconda3/RoboND-Python-StarterKit/RoboND-Rover-Project/records/IMG/robocam_2017_06_28_13_47_41_626.jpg;0;1;0;5.011438;123.0433;122.9005;0.8001642;122.1825;0.4862877
/Users/besh/miniconda3/RoboND-Python-StarterKit/RoboND-Rover-Project/records/IMG/robocam_2017_06_28_13_47_41_693.jpg;0;1;0;5.021947;122.8315;123.2406;0.791548;122.1243;0.4606566
/Users/besh/miniconda3/RoboND-Python-StarterKit/RoboND-Rover-Project/records/IMG/robocam_2017_06_28_13_47_41_759.jpg;0;1;0;5.015937;122.6721;123.4967;0.8374749;122.1035;0.4213776
/Users/besh/miniconda3/RoboND-Python-StarterKit/RoboND-Rover-Project/records/IMG/robocam_2017_06_28_13_47_41_826.jpg;0;1;0;5.015606;122.5128;123.753;0.899592;122.0561;0.3611702
/Users/besh/miniconda3/RoboND-Python-StarterKit/RoboND-Rover-Project/records/IMG/robocam_2017_06_28_13_47_41_893.jpg;0;1;0;5.021984;122.3003;124.0954;1.022052;121.9979;0.2585177
/Users/besh/miniconda3/RoboND-Python-StarterKit/RoboND-Rover-Project/records/IMG/robocam_2017_06_28_13_47_41_959.jpg;0;1;0;5.015543;122.1407;124.3531;1.144861;121.965;0.167755
/Users/besh/miniconda3/RoboND-Python-StarterKit/RoboND-Rover-Project/records/IMG/robocam_2017_06_28_13_47_42_026.jpg;0;1;0;5.016766;121.9815;124.6107;1.268412;121.9107;0.06625948
/Users/besh/miniconda3/RoboND-Python-StarterKit/RoboND-Rover-Project/records/IMG/robocam_2017_06_28_13_47_42_093.jpg;0;1;0;5.019694;121.7682;124.9543;1.447218;121.89;-0.005179309
/Users/besh/miniconda3/RoboND-Python-StarterKit/RoboND-Rover-Project/records/IMG/robocam_2017_06_28_13_47_42_159.jpg;0;1;0;4.990329;121.6087;125.2101;1.506006;121.8747;359.9928
/Users/besh/miniconda3/RoboND-Python-StarterKit/RoboND-Rover-Project/records/IMG/robocam_2017_06_28_13_47_42_226.jpg;0;1;0;4.97764;121.4503;125.4653;1.493263;121.8621;-0.002551755
/Users/besh/miniconda3/RoboND-Python-StarterKit/RoboND-Rover-Project/records/IMG/robocam_2017_06_28_13_47_42_293.jpg;0;1;0;5.009988;121.2394;125.8067;1.500924;121.8312;-0.001998996
/Users/besh/miniconda3/RoboND-Python-StarterKit/RoboND-Rover-Project/records/IMG/robocam_2017_06_28_13_47_42_359.jpg;-1.503046;1;0;5.017955;121.0816;126.0636;1.522626;121.7563;-0.001916251
/Users/besh/miniconda3/RoboND-Python-StarterKit/RoboND-Rover-Project/records/IMG/robocam_2017_06_28_13_47_42_426.jpg;-4.503016;1;0;5.021089;120.9266;126.3191;1.41534;121.4448;-9.210224E-05
/Users/besh/miniconda3/RoboND-Python-StarterKit/RoboND-Rover-Project/records/IMG/robocam_2017_06_28_13_47_42_493.jpg;-7.500916;1;0;4.983939;120.7234;126.6628;1.319426;120.5524;-0.0007145045
/Users/besh/miniconda3/RoboND-Python-StarterKit/RoboND-Rover-Project/records/IMG/robocam_2017_06_28_13_47_42_558.jpg;-7.495876;1;0;5.008425;120.5747;126.9233;1.274278;119.5923;359.9599
/Users/besh/miniconda3/RoboND-Python-StarterKit/RoboND-Rover-Project/records/IMG/robocam_2017_06_28_13_47_42_626.jpg;-4.497075;1;0;4.999899;120.4286;127.1861;1.251879;118.7523;359.8578
/Users/besh/miniconda3/RoboND-Python-StarterKit/RoboND-Rover-Project/records/IMG/robocam_2017_06_28_13_47_42_693.jpg;-1.498813;1;0;5.011462;120.2367;127.5364;1.190498;118.0037;359.7267
/Users/besh/miniconda3/RoboND-Python-StarterKit/RoboND-Rover-Project/records/IMG/robocam_2017_06_28_13_47_42_759.jpg;0;1;0;5.011257;120.0936;127.7982;1.062712;117.8389;359.7242
/Users/besh/miniconda3/RoboND-Python-StarterKit/RoboND-Rover-Project/records/IMG/robocam_2017_06_28_13_47_42_826.jpg;0;1;0;5.015049;119.9519;128.0619;0.9805785;117.7935;359.6901
/Users/besh/miniconda3/RoboND-Python-StarterKit/RoboND-Rover-Project/records/IMG/robocam_2017_06_28_13_47_42_892.jpg;0;1;0;4.999783;119.7635;128.4144;0.9236217;117.8476;359.6537
/Users/besh/miniconda3/RoboND-Python-StarterKit/RoboND-Rover-Project/records/IMG/robocam_2017_06_28_13_47_42_959.jpg;0;1;0;5.010809;119.6217;128.6796;0.9216455;117.8824;359.6537
/Users/besh/miniconda3/RoboND-Python-StarterKit/RoboND-Rover-Project/records/IMG/robocam_2017_06_28_13_47_43_026.jpg;0;1;0;4.997578;119.4796;128.9452;0.9476191;117.9269;359.6751
/Users/besh/miniconda3/RoboND-Python-StarterKit/RoboND-Rover-Project/records/IMG/robocam_2017_06_28_13_47_43_093.jpg;-1.499982;1;0;5.004984;119.29;129.3;1.026603;117.9227;359.7194
/Users/besh/miniconda3/RoboND-Python-StarterKit/RoboND-Rover-Project/records/IMG/robocam_2017_06_28_13_47_43_159.jpg;-4.50351;1;0;5.016262;119.1494;129.5674;1.101358;117.6404;359.7332
/Users/besh/miniconda3/RoboND-Python-StarterKit/RoboND-Rover-Project/records/IMG/robocam_2017_06_28_13_47_43_225.jpg;-7.503209;1;0;4.999186;119.0116;129.8359;1.16422;117.029;359.7197
/Users/besh/miniconda3/RoboND-Python-StarterKit/RoboND-Rover-Project/records/IMG/robocam_2017_06_28_13_47_43_293.jpg;-10.45539;1;0;5.025616;118.8358;130.1949;1.115748;115.6253;359.683
/Users/besh/miniconda3/RoboND-Python-StarterKit/RoboND-Rover-Project/records/IMG/robocam_2017_06_28_13_47_43_359.jpg;-7.407985;1;0;5.010948;118.7096;130.4657;1.016205;114.4828;359.6163
/Users/besh/miniconda3/RoboND-Python-StarterKit/RoboND-Rover-Project/records/IMG/robocam_2017_06_28_13_47_43_426.jpg;-4.409501;1;0;5.023076;118.5871;130.7383;0.913395;113.4782;359.5253
/Users/besh/miniconda3/RoboND-Python-StarterKit/RoboND-Rover-Project/records/IMG/robocam_2017_06_28_13_47_43_492.jpg;-1.408406;1;0;5.011952;118.4278;131.1024;0.7154053;112.6863;359.4379
/Users/besh/miniconda3/RoboND-Python-StarterKit/RoboND-Rover-Project/records/IMG/robocam_2017_06_28_13_47_43_558.jpg;0;1;0;5.011645;118.3106;131.3772;0.6043296;112.4738;359.3563
/Users/besh/miniconda3/RoboND-Python-StarterKit/RoboND-Rover-Project/records/IMG/robocam_2017_06_28_13_47_43_626.jpg;-1.53351;1;0;5.0118;118.1942;131.6528;0.5159116;112.3893;359.3022
/Users/besh/miniconda3/RoboND-Python-StarterKit/RoboND-Rover-Project/records/IMG/robocam_2017_06_28_13_47_43_692.jpg;-4.536404;1;0;5.011562;118.0426;132.0226;0.4494821;111.9696;359.2113
/Users/besh/miniconda3/RoboND-Python-StarterKit/RoboND-Rover-Project/records/IMG/robocam_2017_06_28_13_47_43_759.jpg;-7.514683;1;0;5.015373;117.933;132.302;0.4208853;111.2572;359.114
/Users/besh/miniconda3/RoboND-Python-StarterKit/RoboND-Rover-Project/records/IMG/robocam_2017_06_28_13_47_43_825.jpg;-10.53288;1;0;5.010962;117.8279;132.5813;0.3107317;110.1426;359.0554
/Users/besh/miniconda3/RoboND-Python-StarterKit/RoboND-Rover-Project/records/IMG/robocam_2017_06_28_13_47_43_893.jpg;-13.51759;1;0;5.004485;117.6995;132.9557;0.07018177;108.2044;358.8891
/Users/besh/miniconda3/RoboND-Python-StarterKit/RoboND-Rover-Project/records/IMG/robocam_2017_06_28_13_47_43_959.jpg;-13.49727;1;0;5.010007;117.611;133.2397;359.9343;106.4665;358.7615
/Users/besh/miniconda3/RoboND-Python-StarterKit/RoboND-Rover-Project/records/IMG/robocam_2017_06_28_13_47_44_025.jpg;-10.49667;1;0;5.003568;117.5273;133.5291;0.0007449842;104.883;358.7234
/Users/besh/miniconda3/RoboND-Python-StarterKit/RoboND-Rover-Project/records/IMG/robocam_2017_06_28_13_47_44_093.jpg;-7.52136;1;0;5.014687;117.4242;133.9154;-0.00263005;103.1443;358.7954
/Users/besh/miniconda3/RoboND-Python-StarterKit/RoboND-Rover-Project/records/IMG/robocam_2017_06_28_13_47_44_159.jpg;-4.502534;1;0;5.012038;117.3527;134.2079;0.02184112;102.2025;358.9599
/Users/besh/miniconda3/RoboND-Python-StarterKit/RoboND-Rover-Project/records/IMG/robocam_2017_06_28_13_47_44_226.jpg;-1.531051;1;0;5.011458;117.2886;134.5023;0.07271356;101.5675;359.0021
/Users/besh/miniconda3/RoboND-Python-StarterKit/RoboND-Rover-Project/records/IMG/robocam_2017_06_28_13_47_44_292.jpg;0;1;0;5.011641;117.2061;134.8961;0.1582873;101.2394;359.0644
/Users/besh/miniconda3/RoboND-Python-StarterKit/RoboND-Rover-Project/records/IMG/robocam_2017_06_28_13_47_44_359.jpg;0;1;0;5.01168;117.1457;135.1925;0.2525057;101.16;359.1259
/Users/besh/miniconda3/RoboND-Python-StarterKit/RoboND-Rover-Project/records/IMG/robocam_2017_06_28_13_47_44_426.jpg;0;1;0;5.017557;117.0861;135.4892;0.3722066;101.1355;359.2022
/Users/besh/miniconda3/RoboND-Python-StarterKit/RoboND-Rover-Project/records/IMG/robocam_2017_06_28_13_47_44_492.jpg;0;1;0;5.006042;117.0069;135.8856;0.5585022;101.132;359.3445
/Users/besh/miniconda3/RoboND-Python-StarterKit/RoboND-Rover-Project/records/IMG/robocam_2017_06_28_13_47_44_559.jpg;0;1;0;5.016513;116.9474;136.1833;0.7171313;101.1347;359.4755
/Users/besh/miniconda3/RoboND-Python-StarterKit/RoboND-Rover-Project/records/IMG/robocam_2017_06_28_13_47_44_625.jpg;0;1;0;5.014235;116.888;136.481;0.8834667;101.1569;359.6184
/Users/besh/miniconda3/RoboND-Python-StarterKit/RoboND-Rover-Project/records/IMG/robocam_2017_06_28_13_47_44_693.jpg;0;1;0;5.006485;116.8085;136.8785;1.139437;101.2005;359.8092
/Users/besh/miniconda3/RoboND-Python-StarterKit/RoboND-Rover-Project/records/IMG/robocam_2017_06_28_13_47_44_759.jpg;0;1;0;5.026795;116.7485;137.1765;1.330544;101.2577;359.9646
/Users/besh/miniconda3/RoboND-Python-StarterKit/RoboND-Rover-Project/records/IMG/robocam_2017_06_28_13_47_44_826.jpg;0;1;0;5.006682;116.6902;137.4751;1.515319;101.2405;-0.001129337
/Users/besh/miniconda3/RoboND-Python-StarterKit/RoboND-Rover-Project/records/IMG/robocam_2017_06_28_13_47_44_893.jpg;0;1;0;5.014205;116.6144;137.8669;1.422131;101.1932;-0.0006921433
/Users/besh/miniconda3/RoboND-Python-StarterKit/RoboND-Rover-Project/records/IMG/robocam_2017_06_28_13_47_44_959.jpg;0;1;0;5.006734;116.5576;138.1613;1.367453;101.1585;-0.001245117
/Users/besh/miniconda3/RoboND-Python-StarterKit/RoboND-Rover-Project/records/IMG/robocam_2017_06_28_13_47_45_026.jpg;0;1;0;5.008515;116.5007;138.4563;1.33782;101.1341;-0.001581393
/Users/besh/miniconda3/RoboND-Python-StarterKit/RoboND-Rover-Project/records/IMG/robocam_2017_06_28_13_47_45_093.jpg;0;1;0;5.025392;116.4251;138.8496;1.321596;101.0417;-0.001246454
/Users/besh/miniconda3/RoboND-Python-StarterKit/RoboND-Rover-Project/records/IMG/robocam_2017_06_28_13_47_45_159.jpg;0;1;0;5.014107;116.3685;139.1455;1.337809;101.0156;-0.001587211
/Users/besh/miniconda3/RoboND-Python-StarterKit/RoboND-Rover-Project/records/IMG/robocam_2017_06_28_13_47_45_226.jpg;0;1;0;5.021804;116.3121;139.4412;1.361345;100.9615;-0.0006732571
/Users/besh/miniconda3/RoboND-Python-StarterKit/RoboND-Rover-Project/records/IMG/robocam_2017_06_28_13_47_45_292.jpg;0;1;0;5.014297;116.2371;139.8365;1.416415;100.921;-0.001602769
/Users/besh/miniconda3/RoboND-Python-StarterKit/RoboND-Rover-Project/records/IMG/robocam_2017_06_28_13_47_45_359.jpg;0;1;0;5.00514;116.1812;140.1327;1.460048;100.8752;-0.001034723
/Users/besh/miniconda3/RoboND-Python-StarterKit/RoboND-Rover-Project/records/IMG/robocam_2017_06_28_13_47_45_425.jpg;3.00375;1;0;5.014167;116.1247;140.4292;1.511533;100.9581;-0.00244742
/Users/besh/miniconda3/RoboND-Python-StarterKit/RoboND-Rover-Project/records/IMG/robocam_2017_06_28_13_47_45_492.jpg;5.965652;1;0;5.005498;116.0467;140.8214;1.446045;101.5674;-0.0008497487
/Users/besh/miniconda3/RoboND-Python-StarterKit/RoboND-Rover-Project/records/IMG/robocam_2017_06_28_13_47_45_559.jpg;8.975117;1;0;5.010189;115.983;141.1142;1.385207;102.4275;0.08060953
/Users/besh/miniconda3/RoboND-Python-StarterKit/RoboND-Rover-Project/records/IMG/robocam_2017_06_28_13_47_45_625.jpg;8.976828;1;0;5.006452;115.9148;141.4051;1.266279;103.6513;0.1941604
/Users/besh/miniconda3/RoboND-Python-StarterKit/RoboND-Rover-Project/records/IMG/robocam_2017_06_28_13_47_45_692.jpg;5.968757;1;0;5.000882;115.8176;141.7892;1.005285;105.0745;0.372477
/Users/besh/miniconda3/RoboND-Python-StarterKit/RoboND-Rover-Project/records/IMG/robocam_2017_06_28_13_47_45_759.jpg;2.945792;1;0;5.012287;115.7404;142.0764;0.8153636;105.8327;0.5213032
/Users/besh/miniconda3/RoboND-Python-StarterKit/RoboND-Rover-Project/records/IMG/robocam_2017_06_28_13_47_45_825.jpg;0;1;0;5.01182;115.6611;142.3631;0.6343735;106.2442;0.6562928
/Users/besh/miniconda3/RoboND-Python-StarterKit/RoboND-Rover-Project/records/IMG/robocam_2017_06_28_13_47_45_892.jpg;0;1;0;5.011806;115.5534;142.7453;0.4169587;106.4185;0.7772958
/Users/besh/miniconda3/RoboND-Python-StarterKit/RoboND-Rover-Project/records/IMG/robocam_2017_06_28_13_47_45_959.jpg;0;1;0;5.012123;115.471;143.0325;0.3035469;106.445;0.8424869
/Users/besh/miniconda3/RoboND-Python-StarterKit/RoboND-Rover-Project/records/IMG/robocam_2017_06_28_13_47_46_026.jpg;0;1;0;5.01154;115.3878;143.3203;0.2407989;106.439;0.879804
/Users/besh/miniconda3/RoboND-Python-StarterKit/RoboND-Rover-Project/records/IMG/robocam_2017_06_28_13_47_46_092.jpg;0;1;0;5.011565;115.276;143.7051;0.2318799;106.4212;0.8795775
/Users/besh/miniconda3/RoboND-Python-StarterKit/RoboND-Rover-Project/records/IMG/robocam_2017_06_28_13_47_46_159.jpg;1.539854;1;0;5.017095;115.191;143.9949;0.2991047;106.4721;0.8675032
/Users/besh/miniconda3/RoboND-Python-StarterKit/RoboND-Rover-Project/records/IMG/robocam_2017_06_28_13_47_46_226.jpg;4.536809;1;0;5.017044;115.1046;144.284;0.3714061;106.7351;0.8365129
/Users/besh/miniconda3/RoboND-Python-StarterKit/RoboND-Rover-Project/records/IMG/robocam_2017_06_28_13_47_46_292.jpg;7.532458;1;0;5.005555;114.9841;144.6678;0.4610541;107.6702;0.8226244
/Users/besh/miniconda3/RoboND-Python-StarterKit/RoboND-Rover-Project/records/IMG/robocam_2017_06_28_13_47_46_359.jpg;7.538354;1;0;5.017294;114.8891;144.9534;0.4784702;108.7073;0.8219671
/Users/besh/miniconda3/RoboND-Python-StarterKit/RoboND-Rover-Project/records/IMG/robocam_2017_06_28_13_47_46_426.jpg;4.539014;1;0;5.015777;114.7914;145.2365;0.4253519;109.6551;0.7966843
/Users/besh/miniconda3/RoboND-Python-StarterKit/RoboND-Rover-Project/records/IMG/robocam_2017_06_28_13_47_46_492.jpg;1.536793;1;0;5.028436;114.656;145.6129;0.3940194;110.3954;0.8144137
/Users/besh/miniconda3/RoboND-Python-StarterKit/RoboND-Rover-Project/records/IMG/robocam_2017_06_28_13_47_46_559.jpg;0;1;0;5.011766;114.553;145.8949;0.3672867;110.6184;0.7876027
/Users/besh/miniconda3/RoboND-Python-StarterKit/RoboND-Rover-Project/records/IMG/robocam_2017_06_28_13_47_46_626.jpg;0;1;0;5.016291;114.4483;146.1773;0.3928155;110.6943;0.7725374
/Users/besh/miniconda3/RoboND-Python-StarterKit/RoboND-Rover-Project/records/IMG/robocam_2017_06_28_13_47_46_693.jpg;1.503451;1;0;5.007355;114.307;146.5541;0.4804378;110.7767;0.7318977
/Users/besh/miniconda3/RoboND-Python-StarterKit/RoboND-Rover-Project/records/IMG/robocam_2017_06_28_13_47_46_759.jpg;4.50378;1;0;5.016279;114.1986;146.8363;0.5695362;111.1055;0.7116458
/Users/besh/miniconda3/RoboND-Python-StarterKit/RoboND-Rover-Project/records/IMG/robocam_2017_06_28_13_47_46_826.jpg;7.501004;1;0;5.016786;114.0872;147.1167;0.6458838;111.7422;0.7117856
/Users/besh/miniconda3/RoboND-Python-StarterKit/RoboND-Rover-Project/records/IMG/robocam_2017_06_28_13_47_46_893.jpg;7.506854;1;0;5.001785;113.9339;147.4857;0.617687;113.0494;0.6938419
/Users/besh/miniconda3/RoboND-Python-StarterKit/RoboND-Rover-Project/records/IMG/robocam_2017_06_28_13_47_46_959.jpg;4.533569;1;0;4.997505;113.8146;147.7608;0.5857281;113.9547;0.7028067
/Users/besh/miniconda3/RoboND-Python-StarterKit/RoboND-Rover-Project/records/IMG/robocam_2017_06_28_13_47_47_025.jpg;1.50282;1;0;5.015097;113.6925;148.0351;0.5632883;114.5285;0.7332914
/Users/besh/miniconda3/RoboND-Python-StarterKit/RoboND-Rover-Project/records/IMG/robocam_2017_06_28_13_47_47_093.jpg;0;1;0;5.0113;113.5286;148.4;0.5194954;114.8353;0.7021353
/Users/besh/miniconda3/RoboND-Python-StarterKit/RoboND-Rover-Project/records/IMG/robocam_2017_06_28_13_47_47_159.jpg;0;1;0;5.015709;113.4034;148.6738;0.5353339;114.8986;0.6916573
/Users/besh/miniconda3/RoboND-Python-StarterKit/RoboND-Rover-Project/records/IMG/robocam_2017_06_28_13_47_47_226.jpg;0;1;0;5.015114;113.2778;148.9477;0.5751345;114.8785;0.6617569
/Users/besh/miniconda3/RoboND-Python-StarterKit/RoboND-Rover-Project/records/IMG/robocam_2017_06_28_13_47_47_293.jpg;0;1;0;5.024389;113.1099;149.3135;0.6775118;114.8366;0.5876079
/Users/besh/miniconda3/RoboND-Python-StarterKit/RoboND-Rover-Project/records/IMG/robocam_2017_06_28_13_47_47_359.jpg;0;1;0;5.018611;112.9836;149.5889;0.795194;114.8337;0.505661
/Users/besh/miniconda3/RoboND-Python-StarterKit/RoboND-Rover-Project/records/IMG/robocam_2017_06_28_13_47_47_426.jpg;0;1;0;5.011461;112.8577;149.8639;0.913552;114.757;0.4059969
/Users/besh/miniconda3/RoboND-Python-StarterKit/RoboND-Rover-Project/records/IMG/robocam_2017_06_28_13_47_47_492.jpg;0;1;0;5.022304;112.6897;150.2315;1.10632;114.6931;0.2521964
/Users/besh/miniconda3/RoboND-Python-StarterKit/RoboND-Rover-Project/records/IMG/robocam_2017_06_28_13_47_47_559.jpg;0;1;0;5.015416;112.5638;150.508;1.27253;114.6566;0.124729
/Users/besh/miniconda3/RoboND-Python-StarterKit/RoboND-Rover-Project/records/IMG/robocam_2017_06_28_13_47_47_625.jpg;0;1;0;5.017264;112.4382;150.7843;1.43073;114.6032;-0.0004828261
/Users/besh/miniconda3/RoboND-Python-StarterKit/RoboND-Rover-Project/records/IMG/robocam_2017_06_28_13_47_47_692.jpg;0;1;0;5.01929;112.2698;151.1495;1.485772;114.601;359.9933
/Users/besh/miniconda3/RoboND-Python-StarterKit/RoboND-Rover-Project/records/IMG/robocam_2017_06_28_13_47_47_759.jpg;0;1;0;5.035433;112.1457;151.4209;1.376918;114.5779;-0.002319572
/Users/besh/miniconda3/RoboND-Python-StarterKit/RoboND-Rover-Project/records/IMG/robocam_2017_06_28_13_47_47_826.jpg;0;1;0;5.010607;112.0216;151.6938;1.31057;114.5563;-0.001981993
/Users/besh/miniconda3/RoboND-Python-StarterKit/RoboND-Rover-Project/records/IMG/robocam_2017_06_28_13_47_47_892.jpg;0;1;0;5.017268;111.8563;152.0587;1.268964;114.5313;-0.001795126
/Users/besh/miniconda3/RoboND-Python-StarterKit/RoboND-Rover-Project/records/IMG/robocam_2017_06_28_13_47_47_959.jpg;0;1;0;4.98898;111.7327;152.3323;1.254576;114.4771;-0.001410666
/Users/besh/miniconda3/RoboND-Python-StarterKit/RoboND-Rover-Project/records/IMG/robocam_2017_06_28_13_47_48_025.jpg;0;1;0;5.01674;111.609;152.6066;1.267562;114.4437;-0.001170837
/Users/besh/miniconda3/RoboND-Python-StarterKit/RoboND-Rover-Project/records/IMG/robocam_2017_06_28_13_47_48_092.jpg;0;1;0;4.996089;111.444;152.9731;1.310396;114.3976;-0.001412618
/Users/besh/miniconda3/RoboND-Python-StarterKit/RoboND-Rover-Project/records/IMG/robocam_2017_06_28_13_47_48_159.jpg;0;1;0;5.008187;111.3205;153.2482;1.354947;114.3634;-0.001277976
/Users/besh/miniconda3/RoboND-Python-StarterKit/RoboND-Rover-Project/records/IMG/robocam_2017_06_28_13_47_48_225.jpg;0;1;0;4.996572;111.197;153.5235;1.407018;114.3266;-0.001478942
/Users/besh/miniconda3/RoboND-Python-StarterKit/RoboND-Rover-Project/records/IMG/robocam_2017_06_28_13_47_48_292.jpg;0;1;0;5.008576;111.0327;153.891;1.484856;114.2807;-0.001403061
/Users/besh/miniconda3/RoboND-Python-StarterKit/RoboND-Rover-Project/records/IMG/robocam_2017_06_28_13_47_48_359.jpg;0;1;0;5.021233;110.9101;154.1658;1.492349;114.235;-0.003965229
/Users/besh/miniconda3/RoboND-Python-StarterKit/RoboND-Rover-Project/records/IMG/robocam_2017_06_28_13_47_48_426.jpg;0;1;0;4.960061;110.7884;154.439;1.424658;114.1831;-0.001401689
/Users/besh/miniconda3/RoboND-Python-StarterKit/RoboND-Rover-Project/records/IMG/robocam_2017_06_28_13_47_48_492.jpg;0;1;0;5.010556;110.6258;154.805;1.383872;114.1343;-0.00119387
/Users/besh/miniconda3/RoboND-Python-StarterKit/RoboND-Rover-Project/records/IMG/robocam_2017_06_28_13_47_48_558.jpg;0;1;0;5.017402;110.5038;155.0803;1.381606;114.1316;-0.002362385
/Users/besh/miniconda3/RoboND-Python-StarterKit/RoboND-Rover-Project/records/IMG/robocam_2017_06_28_13_47_48_626.jpg;0;1;0;5.013595;110.3823;155.355;1.381091;114.0251;-0.001651918
/Users/besh/miniconda3/RoboND-Python-StarterKit/RoboND-Rover-Project/records/IMG/robocam_2017_06_28_13_47_48_692.jpg;0;1;0;5.016268;110.2201;155.7227;1.415717;113.9942;-0.002003884
/Users/besh/miniconda3/RoboND-Python-StarterKit/RoboND-Rover-Project/records/IMG/robocam_2017_06_28_13_47_48_759.jpg;0;1;0;4.997842;110.0988;155.9985;1.446274;113.9268;-0.001601202
/Users/besh/miniconda3/RoboND-Python-StarterKit/RoboND-Rover-Project/records/IMG/robocam_2017_06_28_13_47_48_826.jpg;0;1;0;5.016326;109.9776;156.2746;1.486223;113.8877;-0.001328946
/Users/besh/miniconda3/RoboND-Python-StarterKit/RoboND-Rover-Project/records/IMG/robocam_2017_06_28_13_47_48_892.jpg;0;1;0;4.99932;109.8165;156.6425;1.506788;113.8705;-0.004542393
/Users/besh/miniconda3/RoboND-Python-StarterKit/RoboND-Rover-Project/records/IMG/robocam_2017_06_28_13_47_48_959.jpg;-2.996864;1;0;5.022006;109.6972;156.9177;1.439911;113.6188;0.0009415293
/Users/besh/miniconda3/RoboND-Python-StarterKit/RoboND-Rover-Project/records/IMG/robocam_2017_06_28_13_47_49_026.jpg;-5.966099;1;0;5.012435;109.58;157.1933;1.382702;113.2828;-0.0002874853
/Users/besh/miniconda3/RoboND-Python-StarterKit/RoboND-Rover-Project/records/IMG/robocam_2017_06_28_13_47_49_093.jpg;-5.999895;1;0;5.015848;109.4271;157.5636;1.352115;112.2376;-0.001092281
/Users/besh/miniconda3/RoboND-Python-StarterKit/RoboND-Rover-Project/records/IMG/robocam_2017_06_28_13_47_49_159.jpg;-2.998487;1;0;5.001392;109.3147;157.8421;1.342569;111.7029;359.9756
/Users/besh/miniconda3/RoboND-Python-StarterKit/RoboND-Rover-Project/records/IMG/robocam_2017_06_28_13_47_49_226.jpg;-0.0001367927;1;0;5.014929;109.2028;158.1216;1.351552;111.3747;359.9432
/Users/besh/miniconda3/RoboND-Python-StarterKit/RoboND-Rover-Project/records/IMG/robocam_2017_06_28_13_47_49_292.jpg;0;1;0;5.002858;109.0542;158.4945;1.378963;111.3138;359.905
/Users/besh/miniconda3/RoboND-Python-StarterKit/RoboND-Rover-Project/records/IMG/robocam_2017_06_28_13_47_49_359.jpg;0;1;0;5.01415;108.9427;158.7743;1.399532;111.3391;359.9028
/Users/besh/miniconda3/RoboND-Python-StarterKit/RoboND-Rover-Project/records/IMG/robocam_2017_06_28_13_47_49_426.jpg;-3.001365;1;0;5.02592;108.8319;159.0531;1.36527;111.3106;359.9544
/Users/besh/miniconda3/RoboND-Python-StarterKit/RoboND-Rover-Project/records/IMG/robocam_2017_06_28_13_47_49_492.jpg;-5.999265;1;0;5.014302;108.6885;159.4277;1.359881;110.7003;359.9425
/Users/besh/miniconda3/RoboND-Python-StarterKit/RoboND-Rover-Project/records/IMG/robocam_2017_06_28_13_47_49_559.jpg;-9.002746;1;0;5.003185;108.5861;159.7101;1.353529;109.841;359.8446
/Users/besh/miniconda3/RoboND-Python-StarterKit/RoboND-Rover-Project/records/IMG/robocam_2017_06_28_13_47_49_626.jpg;-12.00123;1;0;5.010569;108.4881;159.9915;1.205231;108.6206;359.7838
/Users/besh/miniconda3/RoboND-Python-StarterKit/RoboND-Rover-Project/records/IMG/robocam_2017_06_28_13_47_49_692.jpg;-9.000989;1;0;4.947127;108.369;160.3689;0.9621712;106.8059;359.5676
/Users/besh/miniconda3/RoboND-Python-StarterKit/RoboND-Rover-Project/records/IMG/robocam_2017_06_28_13_47_49_758.jpg;-6.002459;1;0;5.011882;108.2845;160.6534;0.7501531;105.6285;359.4016
/Users/besh/miniconda3/RoboND-Python-StarterKit/RoboND-Rover-Project/records/IMG/robocam_2017_06_28_13_47_49_826.jpg;-3.00402;1;0;5.011699;108.2039;160.9385;0.5071342;104.767;359.2452
/Users/besh/miniconda3/RoboND-Python-StarterKit/RoboND-Rover-Project/records/IMG/robocam_2017_06_28_13_47_49_892.jpg;-2.986784;1;0;5.011576;108.1015;161.3204;0.2021701;104.1153;359.0398
/Users/besh/miniconda3/RoboND-Python-StarterKit/RoboND-Rover-Project/records/IMG/robocam_2017_06_28_13_47_49_959.jpg;-5.954716;1;0;5.011122;108.0293;161.6085;0.002121601;103.5634;358.8751
/Users/besh/miniconda3/RoboND-Python-StarterKit/RoboND-Rover-Project/records/IMG/robocam_2017_06_28_13_47_50_026.jpg;-6.006783;1;0;5.007602;107.9591;161.8999;359.9637;102.8669;358.8044
/Users/besh/miniconda3/RoboND-Python-StarterKit/RoboND-Rover-Project/records/IMG/robocam_2017_06_28_13_47_50_092.jpg;-3.006721;1;0;5.017307;107.8683;162.2914;0.04206056;102.0722;358.8843
/Users/besh/miniconda3/RoboND-Python-StarterKit/RoboND-Rover-Project/records/IMG/robocam_2017_06_28_13_47_50_159.jpg;-0.006123483;1;0;5.010507;107.803;162.5856;0.0850811;101.7275;358.9944
/Users/besh/miniconda3/RoboND-Python-StarterKit/RoboND-Rover-Project/records/IMG/robocam_2017_06_28_13_47_50_225.jpg;0;1;0;5.012127;107.7399;162.8809;0.1540008;101.5943;359.0923
/Users/besh/miniconda3/RoboND-Python-StarterKit/RoboND-Rover-Project/records/IMG/robocam_2017_06_28_13_47_50_292.jpg;0;1;0;5.016275;107.6579;163.2765;0.3297341;101.5428;359.197
/Users/besh/miniconda3/RoboND-Python-StarterKit/RoboND-Rover-Project/records/IMG/robocam_2017_06_28_13_47_50_359.jpg;0;1;0;5.006512;107.5964;163.5734;0.4795491;101.5402;359.3081
/Users/besh/miniconda3/RoboND-Python-StarterKit/RoboND-Rover-Project/records/IMG/robocam_2017_06_28_13_47_50_426.jpg;0;1;0;5.006886;107.535;163.8711;0.6596609;101.542;359.4291
/Users/besh/miniconda3/RoboND-Python-StarterKit/RoboND-Rover-Project/records/IMG/robocam_2017_06_28_13_47_50_492.jpg;0;0.9001719;0;5.014639;107.4529;164.2681;0.9158012;101.5668;359.6116
/Users/besh/miniconda3/RoboND-Python-StarterKit/RoboND-Rover-Project/records/IMG/robocam_2017_06_28_13_47_50_558.jpg;0;0.6999701;0;5.00656;107.3913;164.5654;1.10217;101.598;359.7559
/Users/besh/miniconda3/RoboND-Python-StarterKit/RoboND-Rover-Project/records/IMG/robocam_2017_06_28_13_47_50_626.jpg;0;0.5002299;0;4.991094;107.3295;164.862;1.258127;101.64;359.9027
/Users/besh/miniconda3/RoboND-Python-StarterKit/RoboND-Rover-Project/records/IMG/robocam_2017_06_28_13_47_50_692.jpg;0;0.30001;0;4.996906;107.2488;165.2562;1.383657;101.6439;-0.0008058771
/Users/besh/miniconda3/RoboND-Python-StarterKit/RoboND-Rover-Project/records/IMG/robocam_2017_06_28_13_47_50_759.jpg;0;0.09996706;0;4.998818;107.1897;165.5503;1.389015;101.6102;-0.001189643
